sellerDomain,vendor,productTitle,productUrl,themeId,saleStatus,checkedAt
"jgc-inc.co.jp","日本緑十字社","建災防統一安全標識 保護帽着用 KS6","https://jgc-inc.co.jp/products/detail/195/","S001","current-catalog","2026-08-28"
"monotaro.com","MonotaRO","グリーンクロス JHC-01P 保護帽着用","https://www.monotaro.com/p/8154/5905/","S001","on-sale","2026-08-28"
"signweb.co.jp","サインウェブ","JIS規格安全標識 保護帽着用 802-601A","https://www.signweb.co.jp/product-10442","S001","on-sale","2026-08-28"
"jgc-inc.co.jp","日本緑十字社","JIS規格安全ステッカー標識 保護メガネ着用 JAS-320","https://jgc-inc.co.jp/products/detail/148/","S002","current-catalog","2026-08-28"
"monotaro.com","MonotaRO","グリーンクロス JHC-02P 保護メガネ着用","https://www.monotaro.com/p/8154/5923/","S002","on-sale","2026-08-28"
"monotaro.com","MonotaRO","グリーンクロス JHC-03P ゴーグル着用","https://www.monotaro.com/p/8154/5948/","S003","on-sale","2026-08-28"
"jgc-inc.co.jp","日本緑十字社","騒音管理ステッカー標識 耳栓着用 騒音-2D","https://jgc-inc.co.jp/products/detail/1077/","S004","current-catalog","2026-08-28"
"monotaro.com","MonotaRO","グリーンクロス JHC-04P 耳せん着用","https://www.monotaro.com/p/8154/5966/","S004","on-sale","2026-08-28"
"jgc-inc.co.jp","日本緑十字社","安全・心得標識 防じんマスクの着用方法及び管理方法","https://jgc-inc.co.jp/products/detail/1022/","S005","current-catalog","2026-08-28"
"monotaro.com","MonotaRO","ユニット 820-26 粉じん障害防止標識","https://www.monotaro.com/g/00996592/","S005","on-sale","2026-08-28"
"jgc-inc.co.jp","日本緑十字社","石綿・アスベスト関係標識 呼吸用保護具等使用","https://jgc-inc.co.jp/products/cassette/480/","S006","current-catalog","2026-08-28"
"monotaro.com","MonotaRO","つくし工房 27-C 呼吸用保護具着用標識","https://www.monotaro.com/g/05287412/","S006","on-sale","2026-08-28"
"jgc-inc.co.jp","日本緑十字社","イラストステッカー標識 手袋着用 貼211","https://jgc-inc.co.jp/products/detail/590/","S007","current-catalog","2026-08-28"
"monotaro.com","MonotaRO","グリーンクロス JHC-06P 手袋着用","https://www.monotaro.com/p/8154/6002/","S007","on-sale","2026-08-28"
"jgc-inc.co.jp","日本緑十字社","イラスト標識 安全靴着用 GB-201","https://jgc-inc.co.jp/products/detail/587/","S008","current-catalog","2026-08-28"
"monotaro.com","MonotaRO","グリーンクロス JHC-09P 安全靴着用","https://www.monotaro.com/p/8154/6142/","S008","on-sale","2026-08-28"
"jgc-inc.co.jp","日本緑十字社","イラスト標識 フルハーネス型安全帯着用 MH-112","https://jgc-inc.co.jp/products/detail/548/","S009","current-catalog","2026-08-28"
"monotaro.com","MonotaRO","グリーンクロス JHC-08P ハーネス着用","https://www.monotaro.com/p/8154/6115/","S009","on-sale","2026-08-28"
"jgc-inc.co.jp","日本緑十字社","のぼり旗 フルハーネス型墜落制止用器具を着用","https://jgc-inc.co.jp/products/detail/2689/","S010","current-catalog","2026-08-28"
"monotaro.com","MonotaRO","グリーンクロス JHC-07P 安全帯着用","https://www.monotaro.com/p/8154/6088/","S010","on-sale","2026-08-28"
"unit-signs.co.jp","ユニット","工事現場イラスト標識 安全帯使用","https://www.unit-signs.co.jp/products/illust/s9.php","S010","current-catalog","2026-08-28"
"monotaro.com","MonotaRO","つくし工房 FS-82 保護具着用","https://www.monotaro.com/p/8971/4597/","S011","on-sale","2026-08-28"
"ec.midori-anzen.com","ミドリ安全","イラスト標識 保護具完全着用","https://ec.midori-anzen.com/shop/g/g4066100010/","S012","on-sale","2026-08-28"
"jgc-inc.co.jp","日本緑十字社","イラスト標識 保護具完全着用 M-13","https://jgc-inc.co.jp/products/detail/6512/","S012","current-catalog","2026-08-28"
"monotaro.com","MonotaRO","グリーンクロス JHC-10P 防護服着用","https://www.monotaro.com/p/8154/6176/","S013","on-sale","2026-08-28"
"jgc-inc.co.jp","日本緑十字社","救命胴衣標識","https://jgc-inc.co.jp/products/cassette/3379/","S014","current-catalog","2026-08-28"
"monotaro.com","MonotaRO","グリーンクロス JHC-05P マスク着用","https://www.monotaro.com/p/8154/5984/","S015","on-sale","2026-08-28"
"ec.midori-anzen.com","ミドリ安全","イラスト標識 立入禁止","https://ec.midori-anzen.com/shop/g/g4066100001/","S016","on-sale","2026-08-28"
"monotaro.com","MonotaRO","つくし工房 FS-3 危険・立入禁止","https://www.monotaro.com/p/8971/4493/","S016","on-sale","2026-08-28"
"jgc-inc.co.jp","日本緑十字社","イラスト一般標識 関係者以外立入禁止","https://jgc-inc.co.jp/products/cassette/296/","S017","current-catalog","2026-08-28"
"monotaro.com","MonotaRO","つくし工房 FS-4 許可者以外立入禁止","https://www.monotaro.com/p/8971/4502/","S017","on-sale","2026-08-28"
"ec.midori-anzen.com","ミドリ安全","イラスト標識 進入禁止","https://ec.midori-anzen.com/shop/g/g4066100017/","S018","on-sale","2026-08-28"
"monotaro.com","MonotaRO","ユニット 306-22 進入禁止","https://www.monotaro.com/p/3710/8215/","S018","on-sale","2026-08-28"
"jgc-inc.co.jp","日本緑十字社","構内交通標識 車両進入禁止","https://jgc-inc.co.jp/products/cassette/827/","S019","current-catalog","2026-08-28"
"monotaro.com","MonotaRO","TRUSCO T894-03 車両進入禁止","https://www.monotaro.com/p/8961/7166/","S019","on-sale","2026-08-28"
"jgc-inc.co.jp","日本緑十字社","ECOスイッチカバー標識 点検中・運転禁止","https://jgc-inc.co.jp/products/detail/1408/","S020","current-catalog","2026-08-28"
"monotaro.com","MonotaRO","エスコ EA983C-22 運転禁止","https://www.monotaro.com/g/00070405/","S020","on-sale","2026-08-28"
"jgc-inc.co.jp","日本緑十字社","透明ステッカー標識 禁煙 TM-2M","https://jgc-inc.co.jp/products/detail/525/","S021","current-catalog","2026-08-28"
"monotaro.com","MonotaRO","ユニット 禁煙標識","https://www.monotaro.com/g/04051334/","S021","on-sale","2026-08-28"
"jgc-inc.co.jp","日本緑十字社","イラスト標識 火気厳禁 GB-210","https://jgc-inc.co.jp/products/detail/522/","S022","current-catalog","2026-08-28"
"monotaro.com","MonotaRO","モノタロウ 危険物標識 火気厳禁","https://www.monotaro.com/g/01015282/","S022","on-sale","2026-08-28"
"shimojima.jp","シモジマ","ユニット 建災防統一安全標識 火気厳禁","https://shimojima.jp/shop/g/g2500200493827/","S022","on-sale","2026-08-28"
"jgc-inc.co.jp","日本緑十字社","ECOスイッチカバー標識 点検中・使用禁止","https://jgc-inc.co.jp/products/detail/1414/","S023","current-catalog","2026-08-28"
"monotaro.com","MonotaRO","ユニット 818-05B 使用禁止標識","https://www.monotaro.com/g/04051316/","S023","on-sale","2026-08-28"
"jgc-inc.co.jp","日本緑十字社","ECOスイッチカバー標識 運転中・操作禁止","https://jgc-inc.co.jp/products/detail/1406/","S024","current-catalog","2026-08-28"
"monotaro.com","MonotaRO","ユニット 805-92A 吊り下げマグネット標識 操作禁止","https://www.monotaro.com/p/5063/5175/","S024","on-sale","2026-08-28"
"jgc-inc.co.jp","日本緑十字社","ECOスイッチカバー標識 修理中・さわるな","https://jgc-inc.co.jp/products/detail/1398/","S025","current-catalog","2026-08-28"
"monotaro.com","MonotaRO","エスコ EA983C-26 さわるな","https://www.monotaro.com/g/00070402/","S025","on-sale","2026-08-28"
"jgc-inc.co.jp","日本緑十字社","JIS安全標識 昇降禁止","https://jgc-inc.co.jp/products/cassette/12/","S026","current-catalog","2026-08-28"
"monotaro.com","MonotaRO","つくし工房 FS-5 昇降禁止","https://www.monotaro.com/p/2260/2256/","S026","on-sale","2026-08-28"
"jgc-inc.co.jp","日本緑十字社","修理・点検標識 開閉禁止・さわるな 札-320","https://jgc-inc.co.jp/products/detail/1266/","S027","current-catalog","2026-08-28"
"jgc-inc.co.jp","日本緑十字社","短冊型安全標識 携帯電話使用禁止 GR198","https://jgc-inc.co.jp/products/detail/388/","S028","current-catalog","2026-08-28"
"ec.midori-anzen.com","ミドリ安全","イラスト標識 駐車禁止","https://ec.midori-anzen.com/shop/g/g4066100015/","S029","on-sale","2026-08-28"
"jgc-inc.co.jp","日本緑十字社","構内交通標識 駐車禁止","https://jgc-inc.co.jp/products/cassette/844/","S029","current-catalog","2026-08-28"
"monotaro.com","MonotaRO","ユニット 306-21 駐車禁止","https://www.monotaro.com/p/3710/8294/","S029","on-sale","2026-08-28"
"jgc-inc.co.jp","日本緑十字社","イラスト標識 通行禁止・ストップ M-3","https://jgc-inc.co.jp/products/detail/6506/","S030","current-catalog","2026-08-28"
"monotaro.com","MonotaRO","つくし工房 FS-6 通行禁止","https://www.monotaro.com/p/2260/2265/","S030","on-sale","2026-08-28"
"jgc-inc.co.jp","日本緑十字社","建災防統一安全標識 墜落注意 KS14","https://jgc-inc.co.jp/products/detail/189/","S031","current-catalog","2026-08-28"
"monotaro.com","MonotaRO","昭和商会 墜落注意標識","https://www.monotaro.com/g/05951195/","S031","on-sale","2026-08-28"
"ec.midori-anzen.com","ミドリ安全","イラスト標識 開口部注意","https://ec.midori-anzen.com/shop/g/g4066100006/","S032","on-sale","2026-08-28"
"jgc-inc.co.jp","日本緑十字社","イラスト標識 開口部注意 M-6","https://jgc-inc.co.jp/products/detail/6508/","S032","current-catalog","2026-08-28"
"monotaro.com","MonotaRO","ユニット 345-30 開口部注意","https://www.monotaro.com/p/2033/7327/","S032","on-sale","2026-08-28"
"jgc-inc.co.jp","日本緑十字社","短冊型安全標識 落下物注意 GR179","https://jgc-inc.co.jp/products/detail/433/","S033","current-catalog","2026-08-28"
"monotaro.com","MonotaRO","つくし工房 落下物注意標識","https://www.monotaro.com/g/01383157/","S033","on-sale","2026-08-28"
"ec.midori-anzen.com","ミドリ安全","イラスト標識 頭上注意","https://ec.midori-anzen.com/shop/g/g4066100003/","S034","on-sale","2026-08-28"
"jgc-inc.co.jp","日本緑十字社","折り曲げ標識 頭上注意 JA-704","https://jgc-inc.co.jp/products/detail/1752/","S034","current-catalog","2026-08-28"
"monotaro.com","MonotaRO","つくし工房 FS-41 頭上注意","https://www.monotaro.com/p/8971/4511/","S034","on-sale","2026-08-28"
"unit-signs.co.jp","ユニット","工事現場イラスト標識 頭上注意","https://www.unit-signs.co.jp/products/illust/s8.php","S034","current-catalog","2026-08-28"
"ec.midori-anzen.com","ミドリ安全","イラスト標識 足もと注意","https://ec.midori-anzen.com/shop/g/g4066100004/","S035","on-sale","2026-08-28"
"jgc-inc.co.jp","日本緑十字社","足元注意標識 プレートタイプ","https://jgc-inc.co.jp/products/cassette/258/","S035","current-catalog","2026-08-28"
"monotaro.com","MonotaRO","つくし工房 FS-42 足もと注意","https://www.monotaro.com/p/8971/4527/","S035","on-sale","2026-08-28"
"jgc-inc.co.jp","日本緑十字社","フロアサインスタンド 足元注意・すべりやすい","https://jgc-inc.co.jp/products/cassette/1327/","S036","current-catalog","2026-08-28"
"monotaro.com","MonotaRO","セーフラン安全用品 すべり注意フロアサイン","https://www.monotaro.com/g/04103770/","S036","on-sale","2026-08-28"
"jgc-inc.co.jp","日本緑十字社","イラスト標識 転倒注意 MH-111","https://jgc-inc.co.jp/products/detail/468/","S037","current-catalog","2026-08-28"
"monotaro.com","MonotaRO","イタミアート 転倒注意のぼり旗","https://www.monotaro.com/p/2664/2315/","S037","on-sale","2026-08-28"
"jgc-inc.co.jp","日本緑十字社","バリケードスタンド 段差注意 BK-14","https://jgc-inc.co.jp/products/detail/2532/","S038","current-catalog","2026-08-28"
"monotaro.com","MonotaRO","ユニット 段差注意蛍光ステッカー","https://www.monotaro.com/g/02625673/","S038","on-sale","2026-08-28"
"jgc-inc.co.jp","日本緑十字社","切断注意標識 ステッカータイプ","https://jgc-inc.co.jp/products/cassette/272/","S039","current-catalog","2026-08-28"
"monotaro.com","MonotaRO","つくし工房 FS-44 切断注意","https://www.monotaro.com/p/8971/4536/","S039","on-sale","2026-08-28"
"monotaro.com","MonotaRO","エスコ 安全標識 衝突注意","https://www.monotaro.com/g/05285550/","S040","on-sale","2026-08-28"
"monotaro.com","MonotaRO","つくし工房 つるしっこ 吊荷の下に絶対入るな","https://www.monotaro.com/g/00539907/","S041","on-sale","2026-08-28"
"monotaro.com","MonotaRO","ユニット 342-29 重機作業中につき立入禁止","https://www.monotaro.com/p/2015/2134/","S042","on-sale","2026-08-28"
"ec.midori-anzen.com","ミドリ安全","イラスト標識 フォークリフト作業区域","https://ec.midori-anzen.com/shop/g/g4066100014/","S043","on-sale","2026-08-28"
"jgc-inc.co.jp","日本緑十字社","コーンヘッドサイン フォークリフト作業区域","https://jgc-inc.co.jp/products/cassette/1865/","S043","current-catalog","2026-08-28"
"monotaro.com","MonotaRO","エスコ EA983BB-47 フォークリフト注意","https://www.monotaro.com/g/05001524/","S043","on-sale","2026-08-28"
"jgc-inc.co.jp","日本緑十字社","イラスト標識 はさまれ注意 GB-224","https://jgc-inc.co.jp/products/detail/482/","S044","current-catalog","2026-08-28"
"monotaro.com","MonotaRO","つくし工房 FS-47 はさまれ注意","https://www.monotaro.com/p/2260/2317/","S044","on-sale","2026-08-28"
"jgc-inc.co.jp","日本緑十字社","PL警告ラベル 巻き込まれに注意","https://jgc-inc.co.jp/products/cassette/384/","S045","current-catalog","2026-08-28"
"monotaro.com","MonotaRO","つくし工房 FS-45 巻き込まれ注意","https://www.monotaro.com/p/8971/4545/","S045","on-sale","2026-08-28"
"jgc-inc.co.jp","日本緑十字社","感電注意マーク標識","https://jgc-inc.co.jp/products/cassette/50/","S046","current-catalog","2026-08-28"
"monotaro.com","MonotaRO","つくし工房 FS-46 感電注意","https://www.monotaro.com/p/8971/4554/","S046","on-sale","2026-08-28"
"jgc-inc.co.jp","日本緑十字社","JIS規格安全ステッカー 注意・高電圧 JAS-256","https://jgc-inc.co.jp/products/detail/118/","S047","current-catalog","2026-08-28"
"monotaro.com","MonotaRO","つくし工房 FS-21 高電圧","https://www.monotaro.com/p/8971/4475/","S047","on-sale","2026-08-28"
"jgc-inc.co.jp","日本緑十字社","酸素欠乏関係標識 酸欠危険 酸-202","https://jgc-inc.co.jp/products/detail/1048/","S048","current-catalog","2026-08-28"
"monotaro.com","MonotaRO","つくし工房 FS-24 酸欠危険","https://www.monotaro.com/p/2260/2292/","S048","on-sale","2026-08-28"
"jgc-inc.co.jp","日本緑十字社","PL警告ラベル レーザ光線","https://jgc-inc.co.jp/products/cassette/362/","S049","current-catalog","2026-08-28"
"monotaro.com","MonotaRO","日本緑十字社 JA-603L レーザ標識","https://www.monotaro.com/p/8991/6723/","S049","on-sale","2026-08-28"
"jgc-inc.co.jp","日本緑十字社","建災防統一安全標識 有機溶剤使用中 KS24","https://jgc-inc.co.jp/products/detail/193/","S050","current-catalog","2026-08-28"
"monotaro.com","MonotaRO","東洋防災 KS24 有機溶剤使用中","https://www.monotaro.com/p/7664/0236/","S050","on-sale","2026-08-28"
"jgc-inc.co.jp","日本緑十字社","アスベスト標識 アスベスト除去中・立入禁止","https://jgc-inc.co.jp/products/detail/993/","S051","current-catalog","2026-08-28"
"monotaro.com","MonotaRO","日本緑十字社 アスベスト-28 除去中立入禁止","https://www.monotaro.com/g/00511842/","S051","on-sale","2026-08-28"
"jgc-inc.co.jp","日本緑十字社","短冊型標識 高温注意","https://jgc-inc.co.jp/products/cassette/251/","S052","current-catalog","2026-08-28"
"monotaro.com","MonotaRO","つくし工房 FS-22 高温注意","https://www.monotaro.com/p/8971/4484/","S052","on-sale","2026-08-28"
"jgc-inc.co.jp","日本緑十字社","PL警告ラベル 高温注意・火傷注意","https://jgc-inc.co.jp/products/cassette/353/","S053","current-catalog","2026-08-28"
"monotaro.com","MonotaRO","日本緑十字社 GB-225 火傷注意","https://www.monotaro.com/p/5139/9905/","S053","on-sale","2026-08-28"
"jgc-inc.co.jp","日本緑十字社","高圧ガス標識 アセチレン 高106","https://jgc-inc.co.jp/products/detail/1228/","S054","current-catalog","2026-08-28"
"monotaro.com","MonotaRO","ユニット 高圧ガス標識","https://www.monotaro.com/g/00996670/","S054","on-sale","2026-08-28"
"jgc-inc.co.jp","日本緑十字社","ステッカー標識 危険劇毒物 貼63","https://jgc-inc.co.jp/products/detail/357/","S055","current-catalog","2026-08-28"
"monotaro.com","MonotaRO","グリーンクロス G-18 危険劇毒物","https://www.monotaro.com/p/3987/3384/","S055","on-sale","2026-08-28"
"jgc-inc.co.jp","日本緑十字社","工事用看板 工事中","https://jgc-inc.co.jp/products/cassette/1404/","S056","current-catalog","2026-08-28"
"monotaro.com","MonotaRO","ユニット 894-48B 道路工事中","https://www.monotaro.com/g/06076119/","S056","on-sale","2026-08-28"
"ec.midori-anzen.com","ミドリ安全","イラスト標識 作業中","https://ec.midori-anzen.com/shop/g/g4066100012/","S057","on-sale","2026-08-28"
"jgc-inc.co.jp","日本緑十字社","コーンサイン標識 作業中 NCS-5K","https://jgc-inc.co.jp/products/detail/3715/","S057","current-catalog","2026-08-28"
"monotaro.com","MonotaRO","グリーンクロス G-S72 作業中","https://www.monotaro.com/p/3988/9877/","S057","on-sale","2026-08-28"
"jgc-inc.co.jp","日本緑十字社","たれ幕 高所作業中","https://jgc-inc.co.jp/products/cassette/1458/","S058","current-catalog","2026-08-28"
"monotaro.com","MonotaRO","モノタロウ 高所作業中懸垂幕","https://www.monotaro.com/p/0014/6353/","S058","on-sale","2026-08-28"
"monotaro.com","MonotaRO","昭和商会 T-015 足場組立解体作業中","https://www.monotaro.com/g/06094994/","S059","on-sale","2026-08-28"
"jgc-inc.co.jp","日本緑十字社","垂れ幕 火気使用中 幕53","https://jgc-inc.co.jp/products/detail/2632/","S060","current-catalog","2026-08-28"
"monotaro.com","MonotaRO","モノタロウ 火気使用中懸垂幕","https://www.monotaro.com/p/0014/6378/","S060","on-sale","2026-08-28"
"jgc-inc.co.jp","日本緑十字社","ECOスイッチカバー標識 点検中・さわるな","https://jgc-inc.co.jp/products/detail/1399/","S061","current-catalog","2026-08-28"
"monotaro.com","MonotaRO","エスコ EA983C-23 点検中","https://www.monotaro.com/g/00070426/","S061","on-sale","2026-08-28"
"jgc-inc.co.jp","日本緑十字社","バリケードスタンド 清掃中・立入禁止 BK-18","https://jgc-inc.co.jp/products/detail/2518/","S062","current-catalog","2026-08-28"
"monotaro.com","MonotaRO","モノタロウ 清掃中4か国語表示パネル","https://www.monotaro.com/g/04120150/","S062","on-sale","2026-08-28"
"jgc-inc.co.jp","日本緑十字社","ECOスイッチカバー標識 修理中・運転禁止","https://jgc-inc.co.jp/products/detail/1407/","S063","current-catalog","2026-08-28"
"monotaro.com","MonotaRO","ユニット 修理中標識","https://www.monotaro.com/g/00996647/","S063","on-sale","2026-08-28"
"jgc-inc.co.jp","日本緑十字社","証票ステッカー標識 点検済・年月日 貼92","https://jgc-inc.co.jp/products/detail/1385/","S064","current-catalog","2026-08-28"
"monotaro.com","MonotaRO","ユニット 点検・検査済ステッカー","https://www.monotaro.com/g/00247862/","S064","on-sale","2026-08-28"
"jgc-inc.co.jp","日本緑十字社","修理・点検マグネット標識 故障中 MG11","https://jgc-inc.co.jp/products/detail/1349/","S065","current-catalog","2026-08-28"
"monotaro.com","MonotaRO","日本緑十字社 故障中マグネット命札","https://www.monotaro.com/g/00063127/","S065","on-sale","2026-08-28"
"jgc-inc.co.jp","日本緑十字社","修理・点検標識 調整中・さわるな 札-326","https://jgc-inc.co.jp/products/detail/1259/","S066","current-catalog","2026-08-28"
"monotaro.com","MonotaRO","ユニット 856-23 調整中","https://www.monotaro.com/p/8861/5283/","S066","on-sale","2026-08-28"
"monotaro.com","MonotaRO","ユニット 805-75 運転中・停止中","https://www.monotaro.com/p/3461/1893/","S067","on-sale","2026-08-28"
"jgc-inc.co.jp","日本緑十字社","置場標識 資材置場 置場204","https://jgc-inc.co.jp/products/detail/1563/","S068","current-catalog","2026-08-28"
"monotaro.com","MonotaRO","昭和商会 T-029 資材置場","https://www.monotaro.com/g/06094968/","S068","on-sale","2026-08-28"
"ec.midori-anzen.com","ミドリ安全","イラスト標識 安全通路","https://ec.midori-anzen.com/shop/g/g4066100019/","S069","on-sale","2026-08-28"
"jgc-inc.co.jp","日本緑十字社","短冊型安全標識 安全通路 GR180","https://jgc-inc.co.jp/products/detail/331/","S069","current-catalog","2026-08-28"
"monotaro.com","MonotaRO","つくし工房 FS-61 安全通路","https://www.monotaro.com/p/2260/2326/","S069","on-sale","2026-08-28"
"ec.midori-anzen.com","ミドリ安全","イラスト標識 整理整頓","https://ec.midori-anzen.com/shop/g/g4066100008/","S070","on-sale","2026-08-28"
"jgc-inc.co.jp","日本緑十字社","イラスト標識 5S運動・整理整頓 MH-105","https://jgc-inc.co.jp/products/detail/553/","S070","current-catalog","2026-08-28"
"monotaro.com","MonotaRO","つくし工房 FS-63 整理整頓","https://www.monotaro.com/p/2260/2344/","S070","on-sale","2026-08-28"
"jgc-inc.co.jp","日本緑十字社","バリケードスタンド 止まれ・一旦停止 BK-5","https://jgc-inc.co.jp/products/detail/2522/","S071","current-catalog","2026-08-28"
"monotaro.com","MonotaRO","ユニット 306-26A 一時停止厳守","https://www.monotaro.com/p/3923/3383/","S071","on-sale","2026-08-28"
"jgc-inc.co.jp","日本緑十字社","構内道路標識 徐行","https://jgc-inc.co.jp/products/cassette/835/","S072","current-catalog","2026-08-28"
"monotaro.com","MonotaRO","ユニット 306-25A 徐行厳守","https://www.monotaro.com/p/3923/3399/","S072","on-sale","2026-08-28"
"jgc-inc.co.jp","日本緑十字社","道路標識 構内用 一方通行 道路326-A","https://jgc-inc.co.jp/products/detail/1449/","S073","current-catalog","2026-08-28"
"monotaro.com","MonotaRO","日本緑十字社 道路326 一方通行","https://www.monotaro.com/p/0252/4636/","S073","on-sale","2026-08-28"
"monotaro.com","MonotaRO","吾妻商会 301-1.0HM 通行止め","https://www.monotaro.com/g/04230620/","S074","on-sale","2026-08-28"
"jgc-inc.co.jp","日本緑十字社","コーンカバー標識 車輌出入口 CC-4","https://jgc-inc.co.jp/products/detail/3708/","S075","current-catalog","2026-08-28"
"monotaro.com","MonotaRO","つくし工房 車両出入口両面標識","https://www.monotaro.com/g/00510464/","S075","on-sale","2026-08-28"
"jgc-inc.co.jp","日本緑十字社","路面用標識 歩行者通路 路面-24","https://jgc-inc.co.jp/products/detail/1615/","S076","current-catalog","2026-08-28"
"monotaro.com","MonotaRO","日本緑十字社 路面-24 歩行者通路","https://www.monotaro.com/p/0252/4742/","S076","on-sale","2026-08-28"
"jgc-inc.co.jp","日本緑十字社","路面用標識 フォークリフト運転中 路面-43","https://jgc-inc.co.jp/products/detail/1598/","S077","current-catalog","2026-08-28"
"monotaro.com","MonotaRO","ユニット 802-532A フォークリフト運転中","https://www.monotaro.com/p/2582/7349/","S077","on-sale","2026-08-28"
"orange-book.com","TRUSCO","2ケ国語JIS規格安全標識 フォークリフト運転中 T802-531","https://www.orange-book.com/ja/c/products/index.html?itemCd=T802531+++++++++++++++++++++++3100","S077","current-catalog","2026-08-28"
"jgc-inc.co.jp","日本緑十字社","路面・床用標識 左右確認","https://jgc-inc.co.jp/products/cassette/928/","S078","current-catalog","2026-08-28"
"monotaro.com","MonotaRO","エスコ EA983BB-74 左右確認","https://www.monotaro.com/g/05016946/","S078","on-sale","2026-08-28"
"gc-select.com","グリーンクロス","カラーイラストSL 路肩注意 CSL24","https://www.gc-select.com/products/1102076305","S079","on-sale","2026-08-28"
"jgc-inc.co.jp","日本緑十字社","建災防統一安全標識 路肩注意 KS23","https://jgc-inc.co.jp/products/detail/190/","S079","current-catalog","2026-08-28"
"monotaro.com","MonotaRO","つくし工房 158 路肩注意","https://www.monotaro.com/g/01383124/","S079","on-sale","2026-08-28"
"jgc-inc.co.jp","日本緑十字社","短冊型安全標識 車に注意 GR133","https://jgc-inc.co.jp/products/detail/333/","S080","current-catalog","2026-08-28"
"monotaro.com","MonotaRO","グリーンクロス G-S77 車に注意","https://www.monotaro.com/p/3988/9929/","S080","on-sale","2026-08-28"
"jgc-inc.co.jp","日本緑十字社","構内交通標識 制限速度","https://jgc-inc.co.jp/products/cassette/854/","S081","current-catalog","2026-08-28"
"monotaro.com","MonotaRO","ユニット 306-31 制限速度20km","https://www.monotaro.com/p/3710/8276/","S081","on-sale","2026-08-28"
"jgc-inc.co.jp","日本緑十字社","建災防統一安全標識 最大積載荷重○○kg KS9","https://jgc-inc.co.jp/products/detail/202/","S082","current-catalog","2026-08-28"
"monotaro.com","MonotaRO","ユニット 342-100 最大積載荷重","https://www.monotaro.com/g/02631508/","S082","on-sale","2026-08-28"
"monotaro.com","MonotaRO","昭和商会 T-008A 作業床最大積載荷重","https://www.monotaro.com/g/06094955/","S083","on-sale","2026-08-28"
"jgc-inc.co.jp","日本緑十字社","道路標識 構内用 高さ制限 道路321","https://jgc-inc.co.jp/products/detail/1499/","S084","current-catalog","2026-08-28"
"monotaro.com","MonotaRO","ユニット 894-16 高さ制限","https://www.monotaro.com/p/8859/1097/","S084","on-sale","2026-08-28"
"jgc-inc.co.jp","日本緑十字社","駐車場関係標識 重量制限○○t 駐-14","https://jgc-inc.co.jp/products/detail/1501/","S085","current-catalog","2026-08-28"
"monotaro.com","MonotaRO","ユニット 894-15 重量制限","https://www.monotaro.com/p/8859/1081/","S085","on-sale","2026-08-28"
"monotaro.com","MonotaRO","グリーンクロス S322 最大幅","https://www.monotaro.com/p/4330/2430/","S086","on-sale","2026-08-28"
"monotaro.com","MonotaRO","つくし工房 SK-22 作業半径内立入禁止","https://www.monotaro.com/p/7575/0202/","S087","on-sale","2026-08-28"
"jgc-inc.co.jp","日本緑十字社","LED無災害記録表 記録-1400D","https://jgc-inc.co.jp/products/detail/1772/","S088","current-catalog","2026-08-28"
"monotaro.com","MonotaRO","ユニット 無災害記録表","https://www.monotaro.com/g/04272300/","S088","on-sale","2026-08-28"
"jgc-inc.co.jp","日本緑十字社","緊急連絡電話表 連絡-1","https://jgc-inc.co.jp/products/detail/865/","S089","current-catalog","2026-08-28"
"monotaro.com","MonotaRO","ユニット 317-43 緊急時連絡表","https://www.monotaro.com/p/3929/1393/","S089","on-sale","2026-08-28"
"jgc-inc.co.jp","日本緑十字社","責任者等氏名標識 火元責任者","https://jgc-inc.co.jp/products/cassette/1244/","S090","current-catalog","2026-08-28"
"monotaro.com","MonotaRO","ユニット 火元責任者指名標識","https://www.monotaro.com/g/00283554/","S090","on-sale","2026-08-28"
"jgc-inc.co.jp","日本緑十字社","LED熱中症予防表示板 症状・対処記載","https://jgc-inc.co.jp/products/detail/5919/","S091","current-catalog","2026-08-28"
"monotaro.com","MonotaRO","グリーンクロス 熱中症注意標識","https://www.monotaro.com/g/04298934/","S091","on-sale","2026-08-28"
"monotaro.com","MonotaRO","E-TUMG ETM26-024 WBGT分布標識","https://www.monotaro.com/g/08512226/","S092","on-sale","2026-08-28"
"unit-signs.co.jp","ユニット","WBGT値周知セット","https://www.unit-signs.co.jp/products/movie/","S092","current-catalog","2026-08-28"
"jgc-inc.co.jp","日本緑十字社","LED熱中症予防表示板 屋内用","https://jgc-inc.co.jp/products/detail/1786/","S093","current-catalog","2026-08-28"
"monotaro.com","MonotaRO","ユニット HO-502 熱中症対策標識","https://www.monotaro.com/g/01144663/","S093","on-sale","2026-08-28"
"jgc-inc.co.jp","日本緑十字社","消防標識 避難口 FR401","https://jgc-inc.co.jp/products/detail/279/","S094","current-catalog","2026-08-28"
"monotaro.com","MonotaRO","日本緑十字社 FR401 避難口","https://www.monotaro.com/p/8987/7496/","S094","on-sale","2026-08-28"
"jgc-inc.co.jp","日本緑十字社","のぼり旗 救護所 防災ノボリ-7","https://jgc-inc.co.jp/products/detail/6433/","S095","current-catalog","2026-08-28"
"monotaro.com","MonotaRO","コンツナ NA-228E 救護所のぼり旗","https://www.monotaro.com/p/0643/3580/","S095","on-sale","2026-08-28"
"jgc-inc.co.jp","日本緑十字社","ステッカー標識 救急箱 JH-30S","https://jgc-inc.co.jp/products/detail/575/","S096","current-catalog","2026-08-28"
"monotaro.com","MonotaRO","エスコ 救急箱ステッカー","https://www.monotaro.com/g/05285546/","S096","on-sale","2026-08-28"
"jgc-inc.co.jp","日本緑十字社","ステッカー標識 非常口 貼58","https://jgc-inc.co.jp/products/detail/281/","S097","current-catalog","2026-08-28"
"monotaro.com","MonotaRO","日本緑十字社 FA-301 非常口","https://www.monotaro.com/p/0252/0655/","S097","on-sale","2026-08-28"
"jgc-inc.co.jp","日本緑十字社","建災防統一安全標識 AED設置場所 KS25","https://jgc-inc.co.jp/products/detail/185/","S098","current-catalog","2026-08-28"
"monotaro.com","MonotaRO","エスコ AED標識","https://www.monotaro.com/g/05285592/","S098","on-sale","2026-08-28"
"jgc-inc.co.jp","日本緑十字社","建災防統一安全標識 担架 KS15","https://jgc-inc.co.jp/products/detail/199/","S099","current-catalog","2026-08-28"
"monotaro.com","MonotaRO","東洋防災 ES-31 担架標識","https://www.monotaro.com/p/7714/0456/","S099","on-sale","2026-08-28"
"jgc-inc.co.jp","日本緑十字社","建災防統一安全標識 消火器 KS10","https://jgc-inc.co.jp/products/detail/183/","S100","current-catalog","2026-08-28"
"monotaro.com","MonotaRO","ユニット 826-08 消火器具標識","https://www.monotaro.com/p/3361/7297/","S100","on-sale","2026-08-28"
