id,slug,titleJa,prompt,generatedAt,generationCount,regenerationReasons,sourceFile,checksum,reviewedAt,reviewer,anatomyQa,ppeQa,equipmentQa,marketFitQa,textFreeQa,stickFigureQa,svgPersonQa,externalLogoQa,themeMatchQa,textSpaceQa,rightsStatus,publishStatus
"S001","helmet-required","保護帽着用","日本の建設現場の安全看板用、テーマは「保護帽を正しく着用」。自然な体格の成人作業員が、あご紐を締めたヘルメットと反射ベストを正しく着用する縦長構図で、広い余白を残す。写実寄りの鮮明なデジタルイラスト、太い輪郭、高コントラスト、簡潔な背景、文字・数字・ロゴ・透かしなし。","2026-08-27T17:40:07.339Z","1","","public/safety-images/library/originals/helmet-required.png","34bcfea603f43c4cbbee2e8429c66c4ccce8e1b00f2b52ac257d3a5d1f5e2cdb","2026-08-28T12:00:00.000+09:00","independent_final_review read-only exact-100 visual review plus corrective re-review","pass","pass","not-applicable","pass","pass","pass","pass","pass","pass","pass","portal-owned-commercial-editable","published"
"S002","safety-glasses-required","保護メガネ着用","日本の建設現場の安全看板用、テーマは「保護メガネ着用」。ヘルメットと透明な保護メガネを正しく着けた自然な成人作業員を縦長に大きく描き、上部に広い余白を残す。写実寄りの鮮明なデジタルイラスト、太い輪郭、青の補助色、簡潔な背景、文字なし、数字・ロゴ・透かしなし。","2026-08-27T18:34:52.880Z","1","","public/safety-images/library/originals/safety-glasses-required.png","86f2da3233e39b704c3e02356ec89b7ffb29dcdcd45bebc69dc65977233a19dd","2026-08-28T12:00:00.000+09:00","independent_final_review read-only exact-100 visual review plus corrective re-review","pass","pass","not-applicable","pass","pass","pass","pass","pass","pass","pass","portal-owned-commercial-editable","published"
"S003","goggles-required","ゴーグル着用","日本の建設現場の安全看板用、テーマは「ゴーグル着用」。密閉型ゴーグルを正しく着けた自然な成人作業員の上半身を縦長に描き、上部に広い余白を残す。写実寄りの鮮明なデジタルイラスト、太い輪郭、青の補助色、簡潔な背景、文字なし、数字・ロゴ・透かしなし。","2026-08-27T18:35:12.894Z","1","","public/safety-images/library/originals/goggles-required.png","c0d0c9778db09a2998fbd05a568580582384421eb45437b11259870c63ce838b","2026-08-28T12:00:00.000+09:00","independent_final_review read-only exact-100 visual review plus corrective re-review","pass","pass","not-applicable","pass","pass","pass","pass","pass","pass","pass","portal-owned-commercial-editable","published"
"S004","earplugs-required","耳栓着用","日本の建設現場の安全看板用、テーマは「耳栓着用」。ヘルメット姿の自然な成人作業員が耳栓を正しく装着する横顔を縦長に分かりやすく描き、上部に広い余白を残す。写実寄りの鮮明なデジタルイラスト、太い輪郭、高コントラスト、簡潔な背景、文字なし、数字・ロゴ・透かしなし。","2026-08-27T18:35:31.174Z","1","","public/safety-images/library/originals/earplugs-required.png","dd5a3e405b0ef714a50d3805a55e0f14f0495361735665bf81c11196fc8570e7","2026-08-28T12:00:00.000+09:00","independent_final_review read-only exact-100 visual review plus corrective re-review","pass","pass","not-applicable","pass","pass","pass","pass","pass","pass","pass","portal-owned-commercial-editable","published"
"S005","dust-mask-required","防じんマスク着用","日本の建設現場の安全看板用、テーマは「防じんマスク着用」。ヘルメットと粒子用防じんマスクを隙間なく正しく着けた自然な成人作業員を縦長に描き、上部に広い余白を残す。写実寄りの鮮明なデジタルイラスト、太い輪郭、高コントラスト、簡潔な背景、文字なし、数字・ロゴ・透かしなし。","2026-08-27T18:35:49.613Z","1","","public/safety-images/library/originals/dust-mask-required.png","1f86b04f20cbddc4ecfef4ac0c99403c688bb44c4dcdc48b0053fb96be8667f3","2026-08-28T12:00:00.000+09:00","independent_final_review read-only exact-100 visual review plus corrective re-review","pass","pass","not-applicable","pass","pass","pass","pass","pass","pass","pass","portal-owned-commercial-editable","published"
"S006","respiratory-protection-required","呼吸用保護具着用","日本の建設現場の安全看板用、テーマは「呼吸用保護具着用」。交換式フィルター付き半面形マスクを正しく着けた自然な成人作業員を縦長に描き、上部に広い余白を残す。写実寄りの鮮明なデジタルイラスト、太い輪郭、高コントラスト、簡潔な背景、文字なし、数字・ロゴ・透かしなし。","2026-08-27T18:36:06.833Z","1","","public/safety-images/library/originals/respiratory-protection-required.png","924f73a6575ca60bfd7fc3783cdec4c8adda73d32f8266b06671afa7576ce52b","2026-08-28T12:00:00.000+09:00","independent_final_review read-only exact-100 visual review plus corrective re-review","pass","pass","not-applicable","pass","pass","pass","pass","pass","pass","pass","portal-owned-commercial-editable","published"
"S007","protective-gloves-required","保護手袋着用","日本の建設現場の安全看板用、テーマは「保護手袋着用」。自然な成人作業員が両手に作業用保護手袋を正しく着け、手を見やすく示す縦長構図で上部に広い余白を残す。写実寄りの鮮明なデジタルイラスト、太い輪郭、青の補助色、簡潔な背景、文字なし、数字・ロゴ・透かしなし。","2026-08-27T18:36:29.373Z","1","","public/safety-images/library/originals/protective-gloves-required.png","5d00f37a9fc63a3ce62c7b68cb937b3416b520fbc77e4da792a1ab9daa63496c","2026-08-28T12:00:00.000+09:00","independent_final_review read-only exact-100 visual review plus corrective re-review","pass","pass","not-applicable","pass","pass","pass","pass","pass","pass","pass","portal-owned-commercial-editable","published"
"S008","safety-shoes-required","安全靴着用","日本の建設現場の安全看板用、テーマは「安全靴着用」。自然な成人作業員の正しく履いた安全靴と足元を主役にした縦長構図で、上部に広い余白を残す。写実寄りの鮮明なデジタルイラスト、太い輪郭、青の補助色、簡潔な背景、文字なし、数字・ロゴ・透かしなし。","2026-08-27T18:36:48.480Z","1","","public/safety-images/library/originals/safety-shoes-required.png","d350e513f719296ea1eaefdc8a25a1007c6ab2998103ad4c49e5c86e1c318b80","2026-08-28T12:00:00.000+09:00","independent_final_review read-only exact-100 visual review plus corrective re-review","pass","pass","not-applicable","pass","pass","pass","pass","pass","pass","pass","portal-owned-commercial-editable","published"
"S009","full-body-harness-required","フルハーネス着用","日本の建設現場の安全看板用、テーマは「フルハーネス着用」。自然な成人作業員が肩・胸・腿ベルトと背面D環のあるフルハーネスを正しく着ける縦長全身構図で、上部に広い余白を残す。写実寄りの鮮明なデジタルイラスト、太い輪郭、高コントラスト、文字なし、数字・ロゴ・透かしなし。","2026-08-27T18:37:21.824Z","1","","public/safety-images/library/originals/full-body-harness-required.png","e7781e731c0d49738bc5ea2e9c097ad767428e29ed8404926b12a9c75d9632c6","2026-08-28T12:00:00.000+09:00","independent_final_review read-only exact-100 visual review plus corrective re-review","pass","pass","pass","pass","pass","pass","pass","pass","pass","pass","portal-owned-commercial-editable","published"
"S010","fall-restraint-required","墜落制止用器具使用","この安全看板用イラストを修正。一般的な単管手すりへの接続を削除し、ランヤードを頭上の構造鋼へ設けた明確な専用アンカーに正しく接続する。人物・フルハーネス・広い文字余白を保ち、文字・数字・ロゴ・透かしなし。","2026-08-28T00:00:00.000Z","3","Independent review found the lanyard connected to a general scaffold handrail.;The first corrective edit was not retained as a releasable local master; a second controlled edit produced the approved dedicated overhead anchor.","public/safety-images/library/originals/fall-restraint-required.png","f0668aac17e6e572572d723adb76cac22b1c9a4b648b05ec921885f3d1bb21ce","2026-08-28T12:00:00.000+09:00","independent_final_review read-only exact-100 visual review plus corrective re-review","pass","pass","pass","pass","pass","pass","pass","pass","pass","pass","portal-owned-commercial-editable","published"
"S011","ppe-required","保護具着用","日本の建設現場の安全看板用、テーマは「指定の保護具を着用」。ヘルメット、保護メガネ、反射ベスト、手袋、安全靴を正しく着けた自然な成人作業員を縦長全身で描き、上部に広い余白を残す。写実寄りの鮮明なデジタルイラスト、太い輪郭、青の補助色、文字なし、数字・ロゴ・透かしなし。","2026-08-27T18:38:03.945Z","1","","public/safety-images/library/originals/ppe-required.png","d33fd2cf616cdc5f64bb488fdc473c4e2bb768e18ea3c379ee6d3205f8436e14","2026-08-28T12:00:00.000+09:00","independent_final_review read-only exact-100 visual review plus corrective re-review","pass","pass","not-applicable","pass","pass","pass","pass","pass","pass","pass","portal-owned-commercial-editable","published"
"S012","complete-ppe-required","保護具完全着用","日本の建設現場の安全看板用、テーマは「保護具完全着用」。自然な頭身の成人女性が無地のヘルメット、あご紐、保護メガネ、長袖、反射ベスト、手袋、安全靴を正しく着けた写実寄りの縦長全身構図で上部に広い余白を残す。太い輪郭、簡潔な白背景、アニメ調なし、文字なし、数字・記号・ロゴ・透かしなし。","2026-08-27T19:06:09.217Z","2","初回候補が過度なアニメ調で市場看板としての写実性が不足したため再生成","public/safety-images/library/originals/complete-ppe-required.png","3122295cfa77f55dc7fea54528e395ebffbf0370be1425632ffcda6cc5605378","2026-08-28T12:00:00.000+09:00","independent_final_review read-only exact-100 visual review plus corrective re-review","pass","pass","not-applicable","pass","pass","pass","pass","pass","pass","pass","portal-owned-commercial-editable","published"
"S013","protective-clothing-required","防護服着用","日本の建設現場の安全看板用、テーマは「防護服着用」。フード付き防護服、手袋、保護眼鏡、適切なマスクを隙間なく着けた成人作業員を縦長全身で描き、上部に広い余白を残す。写実寄りの鮮明なデジタルイラスト、太い輪郭、簡潔な背景、文字なし、数字・ロゴ・透かしなし。","2026-08-27T18:41:20.793Z","1","","public/safety-images/library/originals/protective-clothing-required.png","4fe5cae296caa0adf26db459e5410daaf2df9fe171dca8be94fa7b35b16aaf75","2026-08-28T12:00:00.000+09:00","independent_final_review read-only exact-100 visual review plus corrective re-review","pass","pass","not-applicable","pass","pass","pass","pass","pass","pass","pass","portal-owned-commercial-editable","published"
"S014","life-jacket-required","救命胴衣着用","日本の水辺工事の安全看板用、テーマは「救命胴衣着用」。自然な頭身の成人女性が無地のヘルメットと、胸・腰のバックルを締めた救命胴衣を正しく着け、水辺から離れて立つ写実寄りの縦長構図で上部に広い余白を残す。太い輪郭、簡潔な背景、アニメ調なし、文字なし、数字・記号・ロゴなし。","2026-08-27T19:06:30.044Z","2","初回候補が過度なアニメ調で市場看板としての写実性が不足したため再生成","public/safety-images/library/originals/life-jacket-required.png","f60288ae9325136a9c8ca3e53454c6b85c2f25184848176c0b60562dba4e60bc","2026-08-28T12:00:00.000+09:00","independent_final_review read-only exact-100 visual review plus corrective re-review","pass","pass","not-applicable","pass","pass","pass","pass","pass","pass","pass","portal-owned-commercial-editable","published"
"S015","mask-required","マスク着用","日本の建設現場の安全看板用、テーマは「マスク着用」。年長の成人作業員が鼻と口を覆う清潔なマスクとヘルメットを正しく着ける縦長上半身構図で、上部に広い余白を残す。写実寄りの鮮明なデジタルイラスト、太い輪郭、簡潔な背景、文字なし、数字・ロゴ・透かしなし。","2026-08-27T18:42:01.201Z","1","","public/safety-images/library/originals/mask-required.png","835ac4c9973cb1963ee61e538c6afa602194d1f776a80a46f9335bdf68a294d3","2026-08-28T12:00:00.000+09:00","independent_final_review read-only exact-100 visual review plus corrective re-review","pass","pass","not-applicable","pass","pass","pass","pass","pass","pass","pass","portal-owned-commercial-editable","published"
"S016","no-entry","立入禁止","日本の工事現場の禁止看板用、テーマは「立入禁止」。仮設バリケードの手前で成人作業員が止まり、境界と進入不可が一目で分かる正方形構図で、広い余白を残す。写実寄りの鮮明なデジタルイラスト、太い輪郭、赤は補助色、簡潔な背景、文字・数字・ロゴ・既存ピクトの模倣なし。","2026-08-27T17:51:00.795Z","2","試作hard gateで境界と進入不可の明瞭性が不足","public/safety-images/library/originals/no-entry.png","d61624eb2412901ee90e185c14eb6d30b555a912fbd778bc577b11118a746c1d","2026-08-28T12:00:00.000+09:00","independent_final_review read-only exact-100 visual review plus corrective re-review","pass","pass","pass","pass","pass","pass","pass","pass","pass","pass","portal-owned-commercial-editable","published"
"S017","authorized-personnel-only","関係者以外立入禁止","日本の工事現場の禁止看板用、テーマは「関係者以外立入禁止」。無地のヘルメットと反射ベストを着けた管理者が、保護具のない来訪者をゲート手前で自然な手の静止動作により止める写実寄りの横長構図で右側に広い余白を残す。太い輪郭、ヘルメットを含め文字なし、数字・記号・ロゴ・透かしなし。","2026-08-27T19:06:49.612Z","2","初回候補のヘルメットに既存標識と誤認し得る記号が現れたため再生成","public/safety-images/library/originals/authorized-personnel-only.png","f4692cdda22ea6844f32fcc954eeee478dabcbc7dd3e83ad9a9eeb24119243ed","2026-08-28T12:00:00.000+09:00","independent_final_review read-only exact-100 visual review plus corrective re-review","pass","pass","pass","pass","pass","pass","pass","pass","pass","pass","portal-owned-commercial-editable","published"
"S018","no-access","進入禁止","日本の工事現場の禁止看板用、テーマは「進入禁止」。工事車両用ゲートの手前で歩行者が停止し、閉じたバリケードと進入不可の境界が一目で分かる横長構図で右側に広い余白を残す。鮮明なデジタルイラスト、太い輪郭、赤は補助色、文字なし、数字・ロゴ・透かしなし。","2026-08-27T18:42:49.935Z","1","","public/safety-images/library/originals/no-access.png","4ab6d26af89a97261ec3828bb4a74b5217ad76081c303a2d2bd4277617e41fb8","2026-08-28T12:00:00.000+09:00","independent_final_review read-only exact-100 visual review plus corrective re-review","pass","pass","pass","pass","pass","pass","pass","pass","pass","pass","portal-owned-commercial-editable","published"
"S019","no-vehicle-entry","車両進入禁止","日本の工事現場の禁止看板用、テーマは「車両進入禁止」。工事用ゲート手前で小型トラックが停止し、閉じたバリケードと迂回余地を明確にした横長構図で右側に広い余白を残す。鮮明なデジタルイラスト、太い輪郭、赤は補助色、文字なし、数字・ロゴ・透かしなし。","2026-08-27T18:43:08.681Z","1","","public/safety-images/library/originals/no-vehicle-entry.png","83e2982afab8cabcdb817e6a0f3ef5be573ad500ac2f2936be7e3e9018b40029","2026-08-28T12:00:00.000+09:00","independent_final_review read-only exact-100 visual review plus corrective re-review","pass","pass","pass","pass","pass","pass","pass","pass","pass","pass","portal-owned-commercial-editable","published"
"S020","operation-prohibited","運転禁止","日本の建設現場の禁止看板用、テーマは「運転禁止」。停止中の小型建設機械の運転席へ近づかず、作業員が手で静止を示す横長構図で右側に広い余白を残す。鮮明なデジタルイラスト、太い輪郭、赤は補助色、鍵や文字なし、数字・ロゴ・透かしなし。","2026-08-27T18:43:32.854Z","1","","public/safety-images/library/originals/operation-prohibited.png","2bc5011bec682463a1249cb6ea7001c16bfd905289f7c4f2807bcae37d9d845b","2026-08-28T12:00:00.000+09:00","independent_final_review read-only exact-100 visual review plus corrective re-review","pass","pass","pass","pass","pass","pass","pass","pass","pass","pass","portal-owned-commercial-editable","published"
"S021","no-smoking","禁煙","日本の工事現場の禁止看板用、テーマは「禁煙」。火のついていない煙草を持つ手を、保護具姿の成人作業員が明確な静止動作で制止する横長構図で右側に広い余白を残す。鮮明なデジタルイラスト、太い輪郭、赤は補助色、煙・文字なし、数字・ロゴ・透かしなし。","2026-08-27T18:44:04.073Z","1","","public/safety-images/library/originals/no-smoking.png","b5342a8203afadb1a72ea90b23284d190a5b13b3efcf316af3679dbacf246f0f","2026-08-28T12:00:00.000+09:00","independent_final_review read-only exact-100 visual review plus corrective re-review","pass","pass","pass","pass","pass","pass","pass","pass","pass","pass","portal-owned-commercial-editable","published"
"S022","no-open-flames","火気厳禁","日本の工事現場の禁止看板用、テーマは「火気厳禁」。密閉した可燃物保管容器の手前で、点火していないライターを持つ手を作業員が静止動作で制止する横長構図で右側に広い余白を残す。鮮明なデジタルイラスト、太い輪郭、赤は補助色、炎・文字なし、数字・ロゴ・透かしなし。","2026-08-27T18:44:54.304Z","1","","public/safety-images/library/originals/no-open-flames.png","b92f9c2f950f57a2e8de19ce0c224aedfca5f43fc722398f2bd07bcf86e490b5","2026-08-28T12:00:00.000+09:00","independent_final_review read-only exact-100 visual review plus corrective re-review","pass","pass","pass","pass","pass","pass","pass","pass","pass","pass","portal-owned-commercial-editable","published"
"S023","do-not-use","使用禁止","日本の建設現場の禁止看板用、テーマは「使用禁止」。停止して電源を外した電動工具の前で、手袋姿の作業員が明確な静止動作を示す横長構図で右側に広い余白を残す。鮮明なデジタルイラスト、太い輪郭、赤は補助色、文字なし、数字・ロゴ・透かしなし。","2026-08-27T18:47:25.956Z","1","","public/safety-images/library/originals/do-not-use.png","27e77a9c9f57cf56531cbd8c703da6c57bf39e00274f0545fe4a0df26e1c682a","2026-08-28T12:00:00.000+09:00","independent_final_review read-only exact-100 visual review plus corrective re-review","pass","pass","pass","pass","pass","pass","pass","pass","pass","pass","portal-owned-commercial-editable","published"
"S024","do-not-operate","操作禁止","日本の建設現場の禁止看板用、テーマは「操作禁止」。停止した機械の操作盤へ手を触れず、保護具姿の作業員が静止を示す横長構図で右側に広い余白を残す。鮮明なデジタルイラスト、太い輪郭、赤は補助色、操作盤にも文字なし、数字・ロゴなし。","2026-08-27T18:47:46.445Z","1","","public/safety-images/library/originals/do-not-operate.png","22e7fce25b680251c60815343a93352cfae74ba50c7658895fe14765a7d16274","2026-08-28T12:00:00.000+09:00","independent_final_review read-only exact-100 visual review plus corrective re-review","pass","pass","pass","pass","pass","pass","pass","pass","pass","pass","portal-owned-commercial-editable","published"
"S025","do-not-touch","さわるな","日本の建設現場の禁止看板用、テーマは「さわるな」。無地の仮設電気盤の取っ手へ伸びる手を、別の保護手袋姿の手が明確な静止動作で止める写実寄りの横長構図で右側に広い余白を残す。太い輪郭、不透明な白背景、警告記号・発光・文字なし、数字・ロゴ・透かしなし。","2026-08-27T19:07:08.521Z","2","初回候補の透明縁に不自然な色フリンジが現れたため再生成","public/safety-images/library/originals/do-not-touch.png","8d06e51c81ad99f0781bcf8181a702fec73e82791c3c61d454715c4ec4fb08f0","2026-08-28T12:00:00.000+09:00","independent_final_review read-only exact-100 visual review plus corrective re-review","pass","pass","pass","pass","pass","pass","pass","pass","pass","pass","portal-owned-commercial-editable","published"
"S026","no-climbing","昇降禁止","日本の工事現場の禁止看板用、テーマは「昇降禁止」。仮設はしごの入口をバリケードで閉じ、作業員が手前で止まる横長構図で右側に広い余白を残す。鮮明なデジタルイラスト、太い輪郭、赤は補助色、人物は登らず、文字なし、数字・ロゴ・透かしなし。","2026-08-27T18:48:56.458Z","1","","public/safety-images/library/originals/no-climbing.png","17782e678fb53323d138ad57851a7e8ef2ed3653d7e8cb22d9890938f080c2eb","2026-08-28T12:00:00.000+09:00","independent_final_review read-only exact-100 visual review plus corrective re-review","pass","pass","pass","pass","pass","pass","pass","pass","pass","pass","portal-owned-commercial-editable","published"
"S027","do-not-open-close","開閉禁止","日本の工事現場の禁止看板用、テーマは「開閉禁止」。配管のバルブハンドルに手を触れず、手袋姿の作業員が静止動作を示す横長構図で右側に広い余白を残す。鮮明なデジタルイラスト、太い輪郭、赤は補助色、文字なし、数字・ロゴ・透かしなし。","2026-08-27T18:49:42.138Z","1","","public/safety-images/library/originals/do-not-open-close.png","42bc98a53a674a9fb2ec82c885ed1720b51f30712246f0ba9e997e1b7079a307","2026-08-28T12:00:00.000+09:00","independent_final_review read-only exact-100 visual review plus corrective re-review","pass","pass","pass","pass","pass","pass","pass","pass","pass","pass","portal-owned-commercial-editable","published"
"S028","no-mobile-phone","携帯電話使用禁止","日本の建設現場の禁止看板用、テーマは「携帯電話使用禁止」。スマートフォンを持つ手に対して、ヘルメット姿の成人作業員が明確な静止動作を示す独立した構図。写実寄りの鮮明なデジタルイラスト、太い輪郭、実alpha透明背景、文字なし、数字・ロゴ・透かしなし。","2026-08-27T18:50:23.543Z","1","","public/safety-images/library/originals/no-mobile-phone.png","ae636ba1bf9696237e49f484a49b63c7acf098ded94a7e6e7f197c9924947d1d","2026-08-28T12:00:00.000+09:00","independent_final_review read-only exact-100 visual review plus corrective re-review","pass","pass","not-applicable","pass","pass","pass","pass","pass","pass","pass","portal-owned-commercial-editable","published"
"S029","no-parking","駐車禁止","日本の工事現場の禁止看板用、テーマは「駐車禁止」。工事用出入口を塞ぎかけた無地の乗用車を、無地のヘルメット姿の誘導員が停止させ別方向へ退出を促す横長構図で右側に広い余白を残す。太い輪郭、不透明背景、道路標識・文字なし、英字・数字・記号・ロゴなし。","2026-08-27T19:07:28.265Z","2","初回候補に英字が埋め込まれたため再生成","public/safety-images/library/originals/no-parking.png","893ec90bc1b0945a61fe2c40369638bcd663e9bd659be06389ceaad93a52abad","2026-08-28T12:00:00.000+09:00","independent_final_review read-only exact-100 visual review plus corrective re-review","pass","pass","pass","pass","pass","pass","pass","pass","pass","pass","portal-owned-commercial-editable","published"
"S030","no-passage","通行禁止","日本の工事現場の禁止看板用、テーマは「通行禁止」。無地の赤白バリケードが通路を完全に閉じ、成人歩行者がその手前で停止する横長構図で右側に広い余白を残す。鮮明なデジタルイラスト、太い輪郭、不透明背景、棒人間・標識・文字なし、数字・記号・ロゴなし。","2026-08-27T19:07:45.684Z","2","初回候補に棒人間型の標識が埋め込まれたため再生成","public/safety-images/library/originals/no-passage.png","9e33e2e6bc0acbc020a779eb9ebbd43e77fab5c9884259cbbb1c0e204382b996","2026-08-28T12:00:00.000+09:00","independent_final_review read-only exact-100 visual review plus corrective re-review","pass","pass","pass","pass","pass","pass","pass","pass","pass","pass","portal-owned-commercial-editable","published"
"S031","fall-hazard","墜落注意","日本の建設現場の警告看板用、テーマは「墜落注意」。高所の開放端を堅固な仮設バリケードで隔離し、無地のヘルメット姿の作業員はバリケード外で停止する横長構図で高低差を明確にし右側に広い余白を残す。太い輪郭、不透明背景、危険側に人物なし、落下・文字なし、数字・記号・ロゴなし。","2026-08-27T19:08:04.897Z","2","初回候補が無防護の開放端に人物を配置し安全な見せ方を満たさなかったため再生成","public/safety-images/library/originals/fall-hazard.png","3058cd3f1d3c3114814d0e7fc719e6d10fa61bfb70d8143a84267d99e139b35e","2026-08-28T12:00:00.000+09:00","independent_final_review read-only exact-100 visual review plus corrective re-review","pass","pass","pass","pass","pass","pass","pass","pass","pass","pass","portal-owned-commercial-editable","published"
"S032","floor-opening-hazard","開口部注意","日本の建設現場の警告看板用、テーマは「開口部注意」。床開口部を四周の堅固な手すりで囲い、無地のヘルメット姿の作業員は手すり外で停止する写実寄りの横長構図で右側に広い余白を残す。太い輪郭、不透明な簡潔背景、透過ぼかし・文字なし、数字・記号・ロゴなし。","2026-08-27T19:08:22.507Z","2","初回候補の透明縁に不自然な色フリンジが現れたため再生成","public/safety-images/library/originals/floor-opening-hazard.png","45c391d69657ab0f3f23105d8982f234043b5271021a9286e2674d8e99d6986a","2026-08-28T12:00:00.000+09:00","independent_final_review read-only exact-100 visual review plus corrective re-review","pass","pass","pass","pass","pass","pass","pass","pass","pass","pass","portal-owned-commercial-editable","published"
"S033","falling-objects-hazard","落下物注意","日本の建設現場の警告看板用、テーマは「落下物注意」。足場上から小さな無地の工具が落下する範囲を堅固なバリケードで隔離し、作業員は範囲外で停止する横長構図で右側に広い余白を残す。太い輪郭、不透明背景、足場上に人物なし、流血・文字なし、数字・記号・ロゴなし。","2026-08-27T19:08:41.973Z","2","初回候補が足場上の危険な工具落下行為を強調したため再生成","public/safety-images/library/originals/falling-objects-hazard.png","192fa497d830ed23d118ea8e147d83d9ce5c1c911567c9742b595c999cd9aca0","2026-08-28T12:00:00.000+09:00","independent_final_review read-only exact-100 visual review plus corrective re-review","pass","pass","pass","pass","pass","pass","pass","pass","pass","pass","portal-owned-commercial-editable","published"
"S034","overhead-hazard","頭上注意","日本の建設現場の警告看板用、テーマは「頭上注意」。低い仮設梁の手前でヘルメット姿の女性作業員が上を確認して停止する横長構図で、右側に広い余白を残す。鮮明なデジタルイラスト、太い輪郭、黄と濃灰の補助色、不透明背景、衝突・文字なし、数字・ロゴなし。","2026-08-27T18:55:40.124Z","1","","public/safety-images/library/originals/overhead-hazard.png","0645d03f86845ed0b39054e624eba86a9db5dbc2959d339cec6722d08b00cad3","2026-08-28T12:00:00.000+09:00","independent_final_review read-only exact-100 visual review plus corrective re-review","pass","pass","pass","pass","pass","pass","pass","pass","pass","pass","portal-owned-commercial-editable","published"
"S035","watch-your-step","足元注意","日本の建設現場の警告看板用、テーマは「足元注意」。通路を横切る養生済みケーブルの手前で年長の作業員が足元を確認して止まる横長構図で、右側に広い余白を残す。鮮明なデジタルイラスト、太い輪郭、黄の補助色、不透明背景、転倒・文字なし、数字・ロゴなし。","2026-08-27T18:56:02.278Z","1","","public/safety-images/library/originals/watch-your-step.png","2b4318c635a83e82d03a8474c7c02cf0bfba4b285106f60e8988b0a12ae8d461","2026-08-28T12:00:00.000+09:00","independent_final_review read-only exact-100 visual review plus corrective re-review","pass","pass","pass","pass","pass","pass","pass","pass","pass","pass","portal-owned-commercial-editable","published"
"S036","slippery-surface","すべり注意","日本の建設現場の警告看板用、テーマは「すべり注意」。雨で濡れた仮設通路の手前で作業員が手すりを使い慎重に停止する横長構図で、右側に広い余白を残す。鮮明なデジタルイラスト、太い輪郭、黄と濃灰の補助色、不透明背景、転倒・文字なし、数字・ロゴなし。","2026-08-27T18:56:23.641Z","1","","public/safety-images/library/originals/slippery-surface.png","b7df7258ea488fff078d3113cb906c9af374de13e8034035d73b04fc58d8efdc","2026-08-28T12:00:00.000+09:00","independent_final_review read-only exact-100 visual review plus corrective re-review","pass","pass","pass","pass","pass","pass","pass","pass","pass","pass","portal-owned-commercial-editable","published"
"S037","trip-fall-hazard","転倒注意","日本の建設現場の警告看板用、テーマは「転倒注意」。整理前のホースが横切る通路の手前で女性作業員が足元を確認して止まる横長構図で、右側に広い余白を残す。鮮明なデジタルイラスト、太い輪郭、黄の補助色、不透明背景、転倒・文字なし、数字・ロゴなし。","2026-08-27T18:56:45.352Z","1","","public/safety-images/library/originals/trip-fall-hazard.png","0609596662801772f8638d8173c45b07fdd402e18e41aef5ac855be17b56081d","2026-08-28T12:00:00.000+09:00","independent_final_review read-only exact-100 visual review plus corrective re-review","pass","pass","pass","pass","pass","pass","pass","pass","pass","pass","portal-owned-commercial-editable","published"
"S038","level-change-hazard","段差注意","日本の工事現場の警告看板用、テーマは「段差注意」。明確な床段差の手前で荷物を持たない作業員が足元を見て停止する横長構図で、右側に広い余白を残す。鮮明なデジタルイラスト、太い輪郭、黄と濃灰の補助色、不透明背景、転倒・文字なし、数字・ロゴなし。","2026-08-27T18:57:06.489Z","1","","public/safety-images/library/originals/level-change-hazard.png","f0a2a3e44fe78011381458cb3025eeebe3bd1b7320dd704d73a53bcf51dfedba","2026-08-28T12:00:00.000+09:00","independent_final_review read-only exact-100 visual review plus corrective re-review","pass","pass","pass","pass","pass","pass","pass","pass","pass","pass","portal-owned-commercial-editable","published"
"S039","cutting-hazard","切断注意","日本の建設現場の警告看板用、テーマは「切断注意」。停止中の丸のこ刃と保護カバーを大きく描き、保護手袋姿の手が十分離れて静止を示す横長構図で右側に広い余白を残す。鮮明なデジタルイラスト、太い輪郭、不透明背景、負傷・血・文字なし、数字・ロゴなし。","2026-08-27T18:57:27.529Z","1","","public/safety-images/library/originals/cutting-hazard.png","3734a4a753dbf3316cc3bf8b2ceb3b29051e6d8200df4ca2fde99b95147c4395","2026-08-28T12:00:00.000+09:00","independent_final_review read-only exact-100 visual review plus corrective re-review","pass","pass","pass","pass","pass","pass","pass","pass","pass","pass","portal-owned-commercial-editable","published"
"S040","collision-hazard","衝突注意","日本の建設現場の警告看板用、テーマは「衝突注意」。見通しの悪い交差部で無地の小型運搬車と、無地のヘルメット姿の作業員が物理的な柵を挟んで停止する横長構図で右側に広い余白を残す。太い輪郭、不透明背景、ヘルメット記号・接触・文字なし、数字・ロゴなし。","2026-08-27T19:09:01.923Z","2","初回候補のヘルメットに既存標識と誤認し得る記号が現れたため再生成","public/safety-images/library/originals/collision-hazard.png","601625a0702a3afa2c4157cf3da24c1b76b811392fdb75e41dc1460b51860cd1","2026-08-28T12:00:00.000+09:00","independent_final_review read-only exact-100 visual review plus corrective re-review","pass","pass","pass","pass","pass","pass","pass","pass","pass","pass","portal-owned-commercial-editable","published"
"S041","no-under-suspended-load","吊り荷の下に入るな","日本の建設現場の危険看板用、テーマは「吊り荷の下に入らない」。クレーンフックと緊張した吊具で荷を吊り、成人作業員は落下範囲の外で止まる横長構図で、広い余白を残す。写実寄りの鮮明なデジタルイラスト、太い輪郭、高コントラスト、簡潔な背景、文字・数字・ロゴ・流血なし。","2026-08-27T17:51:00.233Z","2","試作hard gateで吊り荷と人物位置関係の明瞭性が不足","public/safety-images/library/originals/no-under-suspended-load.png","9f9896e8f79927b4b8b2074e26f6c55bc94b6d4eae24ae74420a4109e397ec55","2026-08-28T12:00:00.000+09:00","independent_final_review read-only exact-100 visual review plus corrective re-review","pass","pass","pass","pass","pass","pass","pass","pass","pass","pass","portal-owned-commercial-editable","published"
"S042","equipment-swing-zone","重機作業半径内立入禁止","日本の建設現場の警告看板用、テーマは「重機作業半径内立入禁止」。機械的に正確なバックホウを堅固なバリケードで囲い、無地のヘルメットと反射ベスト姿の成人作業員は範囲外で停止する写実寄りの横長構図で右側に広い余白を残す。太い輪郭、不透明背景、ヘルメット記号・文字なし、数字・ロゴなし。","2026-08-27T19:11:02.268Z","2","初回候補のヘルメットに既存標識と誤認し得る記号が現れたため再生成","public/safety-images/library/originals/equipment-swing-zone.png","12ab87f9ce9275f0e8bb37446c21402097da07b4a7558dd78a944e3e9314397e","2026-08-28T12:00:00.000+09:00","independent_final_review read-only exact-100 visual review plus corrective re-review","pass","pass","pass","pass","pass","pass","pass","pass","pass","pass","portal-owned-commercial-editable","published"
"S043","forklift-hazard","フォークリフト注意","日本の工場・建設現場の警告看板用、テーマは「フォークリフト注意」。荷を低く保持して停止したフォークリフトと、柵で分離された歩行者を横長に描き、右側に広い余白を残す。鮮明なデジタルイラスト、太い輪郭、不透明背景、接触・文字なし、数字・ロゴなし。","2026-08-27T18:58:34.940Z","1","","public/safety-images/library/originals/forklift-hazard.png","7878c51242c53840a0c1f817f8108bc7dbf22db30590d64ca1030933c24180c0","2026-08-28T12:00:00.000+09:00","independent_final_review read-only exact-100 visual review plus corrective re-review","pass","pass","pass","pass","pass","pass","pass","pass","pass","pass","portal-owned-commercial-editable","published"
"S044","pinch-point-hazard","はさまれ注意","日本の建設現場の警告看板用、テーマは「はさまれ注意」。停止中の機械の狭い挟まれ部を大きく描き、保護手袋姿の両手は十分離れて静止を示す横長構図で右側に広い余白を残す。鮮明なデジタルイラスト、太い輪郭、不透明背景、負傷・血・文字なし、数字・ロゴなし。","2026-08-27T19:00:58.736Z","1","","public/safety-images/library/originals/pinch-point-hazard.png","90fc33f0d9c178f7d8706635c3016b73369fb38ddd029fc5cdc8a990cbe71981","2026-08-28T12:00:00.000+09:00","independent_final_review read-only exact-100 visual review plus corrective re-review","pass","pass","pass","pass","pass","pass","pass","pass","pass","pass","portal-owned-commercial-editable","published"
"S045","entanglement-hazard","巻き込まれ注意","日本の建設現場の警告看板用、テーマは「巻き込まれ注意」。停止中の回転軸と外された保護カバーを明確に描き、作業員は離れた位置で静止を示す横長構図で右側に広い余白を残す。鮮明なデジタルイラスト、太い輪郭、不透明背景、接触・負傷・文字なし、数字・ロゴなし。","2026-08-27T19:01:21.982Z","1","","public/safety-images/library/originals/entanglement-hazard.png","0dd5f24ca6c14e8a116b8ebdc810dfe176f3b719c52bfdd29290cd79ea8f7d23","2026-08-28T12:00:00.000+09:00","independent_final_review read-only exact-100 visual review plus corrective re-review","pass","pass","pass","pass","pass","pass","pass","pass","pass","pass","portal-owned-commercial-editable","published"
"S046","electric-shock-hazard","感電注意","日本の建設現場の警告看板用、テーマは「感電注意」。損傷した延長ケーブルの小さな火花を堅固なバリケードで隔離し、無地のヘルメットと絶縁手袋姿の成人作業員は範囲外で停止する写実寄りの横長構図で右側に広い余白を残す。太い輪郭、不透明背景、ヘルメット記号・接触・文字なし、数字・ロゴなし。","2026-08-27T19:11:21.237Z","2","初回候補のヘルメットに既存標識と誤認し得る記号が現れたため再生成","public/safety-images/library/originals/electric-shock-hazard.png","da38e4165c8c1a5b290612ef15fdd4101cd26392f257e5c16166039364d4b798","2026-08-28T12:00:00.000+09:00","independent_final_review read-only exact-100 visual review plus corrective re-review","pass","pass","pass","pass","pass","pass","pass","pass","pass","pass","portal-owned-commercial-editable","published"
"S047","high-voltage-hazard","高電圧注意","日本の建設現場の警告看板用、テーマは「高電圧注意」。仮設受電設備を施錠した金網柵で囲い、作業員が柵外で停止する横長構図で右側に広い余白を残す。鮮明なデジタルイラスト、太い輪郭、黄と濃灰の補助色、不透明背景、接触・文字なし、数字・ロゴなし。","2026-08-27T19:02:13.086Z","1","","public/safety-images/library/originals/high-voltage-hazard.png","3779a9636b25fcfdc550410433d1d612a1a156786f49feab1b4d1f29c8314196","2026-08-28T12:00:00.000+09:00","independent_final_review read-only exact-100 visual review plus corrective re-review","pass","pass","pass","pass","pass","pass","pass","pass","pass","pass","portal-owned-commercial-editable","published"
"S048","oxygen-deficiency-hazard","酸欠危険","日本の建設現場の警告看板用、テーマは「酸欠危険」。地下タンクの入口をバリケードで隔離し、作業員が外側から無表示の携帯ガス検知器で確認する横長構図で右側に広い余白を残す。鮮明なデジタルイラスト、太い輪郭、不透明背景、入槽・倒れた人物・文字なし、数字・ロゴなし。","2026-08-27T19:02:35.862Z","1","","public/safety-images/library/originals/oxygen-deficiency-hazard.png","e0dc149f874a014e024374c03e7de15787d12e8fb31fff06f0c883a316b8006d","2026-08-28T12:00:00.000+09:00","independent_final_review read-only exact-100 visual review plus corrective re-review","pass","pass","pass","pass","pass","pass","pass","pass","pass","pass","portal-owned-commercial-editable","published"
"S049","laser-radiation-hazard","レーザー光線注意","日本の測量現場の警告看板用、テーマは「レーザー光線注意」。三脚上の測量レーザーと水平な光線を描き、保護眼鏡姿の作業員は光線の外から確認する横長構図で右側に広い余白を残す。鮮明なデジタルイラスト、太い輪郭、不透明背景、目への照射・文字なし、数字・ロゴなし。","2026-08-27T19:02:54.111Z","1","","public/safety-images/library/originals/laser-radiation-hazard.png","95711cf458a8aa49e55c0f34e75b7cfcb50fdc9c34c0289262e2f20aa4159d03","2026-08-28T12:00:00.000+09:00","independent_final_review read-only exact-100 visual review plus corrective re-review","pass","pass","pass","pass","pass","pass","pass","pass","pass","pass","portal-owned-commercial-editable","published"
"S050","organic-solvent-in-use","有機溶剤使用中","日本の建設現場の警告看板用、テーマは「有機溶剤使用中」。換気された塗装区画で呼吸用保護具、保護眼鏡、手袋を正しく着けた作業員と無地の密閉容器を横長に描き、右側に広い余白を残す。鮮明なデジタルイラスト、太い輪郭、不透明背景、裸火・文字なし、数字・ロゴなし。","2026-08-27T19:03:17.503Z","1","","public/safety-images/library/originals/organic-solvent-in-use.png","bf21aaeee49c9d455dcbf0f2ce34a6657d3f5e941002fed5925d9a527961a735","2026-08-28T12:00:00.000+09:00","independent_final_review read-only exact-100 visual review plus corrective re-review","pass","pass","pass","pass","pass","pass","pass","pass","pass","pass","portal-owned-commercial-editable","published"
"S051","asbestos-removal-in-progress","石綿除去作業中","日本の建設現場の安全看板用イラスト。テーマは「石綿除去作業中」。文字なし、数字・ロゴ・透かし・チワワなし、高コントラストで下部に文字用余白。","2026-08-27T19:25:32.154Z","1","","public/safety-images/library/originals/asbestos-removal-in-progress.png","824f9b1ff6f89d3e309c0053468b6164595c33b23153eafae89233927f2db9a4","2026-08-28T12:00:00.000+09:00","independent_final_review read-only exact-100 visual review plus corrective re-review","pass","pass","pass","pass","pass","pass","pass","pass","pass","pass","portal-owned-commercial-editable","published"
"S052","hot-surface-hazard","高温注意","日本の建設現場の安全看板用イラスト。テーマは「高温注意」。文字なし、数字・ロゴ・透かし・チワワなし、高コントラストで下部に文字用余白。","2026-08-27T19:25:32.154Z","1","","public/safety-images/library/originals/hot-surface-hazard.png","02925c482777bc4da09c2914d7e4c530d75cf76a6a2fb8d8dbd464e4db4fb52a","2026-08-28T12:00:00.000+09:00","independent_final_review read-only exact-100 visual review plus corrective re-review","not-applicable","not-applicable","pass","pass","pass","pass","pass","pass","pass","pass","portal-owned-commercial-editable","published"
"S053","burn-hazard","火傷注意","日本の建設現場の安全看板用イラスト。テーマは「火傷注意」。文字なし、数字・ロゴ・透かし・チワワなし、高コントラストで下部に文字用余白。","2026-08-27T19:25:32.154Z","1","","public/safety-images/library/originals/burn-hazard.png","c760ef8f63d9c385df1445bde4343e3c4edf3ee94d512d1a4a778285733218fb","2026-08-28T12:00:00.000+09:00","independent_final_review read-only exact-100 visual review plus corrective re-review","pass","pass","pass","pass","pass","pass","pass","pass","pass","pass","portal-owned-commercial-editable","published"
"S054","high-pressure-gas-hazard","高圧ガス注意","日本の建設現場の安全看板用イラスト。テーマは「高圧ガス注意」。文字なし、数字・ロゴ・透かし・チワワなし、高コントラストで下部に文字用余白。","2026-08-27T19:25:32.154Z","1","","public/safety-images/library/originals/high-pressure-gas-hazard.png","4cf779c7f9a50635e9bc8f288fb6cd8b130701cc1796716fe85ffee001a0f81a","2026-08-28T12:00:00.000+09:00","independent_final_review read-only exact-100 visual review plus corrective re-review","not-applicable","not-applicable","pass","pass","pass","pass","pass","pass","pass","pass","portal-owned-commercial-editable","published"
"S055","toxic-substances-hazard","劇物・毒物注意","日本の建設現場の安全看板用イラスト。テーマは「劇物・毒物注意」。文字なし、数字・ロゴ・透かし・チワワなし、高コントラストで下部に文字用余白。","2026-08-27T19:25:32.154Z","1","","public/safety-images/library/originals/toxic-substances-hazard.png","6372262d628243cad346fd71a38ca1012d4c50a9750d656a93e2e06c110b7983","2026-08-28T12:00:00.000+09:00","independent_final_review read-only exact-100 visual review plus corrective re-review","pass","pass","pass","pass","pass","pass","pass","pass","pass","pass","portal-owned-commercial-editable","published"
"S056","construction-in-progress","工事中","日本の建設現場の安全看板用イラスト。テーマは「工事中」。文字なし、数字・ロゴ・透かし・チワワなし、高コントラストで下部に文字用余白。","2026-08-27T19:25:32.154Z","1","","public/safety-images/library/originals/construction-in-progress.png","5b88862154ceced55fc7af9c44a919c94309261b01ee9d716a0f1a5c5c150b56","2026-08-28T12:00:00.000+09:00","independent_final_review read-only exact-100 visual review plus corrective re-review","pass","pass","pass","pass","pass","pass","pass","pass","pass","pass","portal-owned-commercial-editable","published"
"S057","work-in-progress","作業中","日本の建設現場の安全看板用イラスト。テーマは「作業中」。文字なし、数字・ロゴ・透かし・チワワなし、高コントラストで下部に文字用余白。","2026-08-27T19:25:32.154Z","1","","public/safety-images/library/originals/work-in-progress.png","5841c631bb6b553405504dc52f296fbf9e83e9a19f4ba4e17261241b6f1af548","2026-08-28T12:00:00.000+09:00","independent_final_review read-only exact-100 visual review plus corrective re-review","pass","pass","pass","pass","pass","pass","pass","pass","pass","pass","portal-owned-commercial-editable","published"
"S058","work-at-height-in-progress","高所作業中","この高所作業中の安全看板イラストを修正。作業員に自然な透明保護眼鏡を正しく着用させ、その他の人物、工具、作業床、手すり、構図、文字余白は保つ。文字・数字・ロゴ・透かしなし。","2026-08-28T00:00:00.000Z","3","Initial candidate showed a visibly dangling unattached lanyard.;Independent review found missing eye protection during overhead power-tool work.","public/safety-images/library/originals/work-at-height-in-progress.png","1c0c1a9337d5f10026a363bdd4c4a74d9100f337f1411ad88f7afb6280206a51","2026-08-28T12:00:00.000+09:00","independent_final_review read-only exact-100 visual review plus corrective re-review","pass","pass","pass","pass","pass","pass","pass","pass","pass","pass","portal-owned-commercial-editable","published"
"S059","scaffold-assembly-in-progress","足場組立・解体作業中","日本の建設現場の安全看板用イラスト。テーマは「足場組立・解体作業中」。文字なし、数字・ロゴ・透かし・チワワなし、高コントラストで下部に文字用余白。","2026-08-27T19:25:32.154Z","2","Initial candidate showed visibly dangling harness equipment.","public/safety-images/library/originals/scaffold-assembly-in-progress.png","70de164abfcec3072c50500d8455eb00ba1033f83a8d9c72d66ee2596cf4f10d","2026-08-28T12:00:00.000+09:00","independent_final_review read-only exact-100 visual review plus corrective re-review","pass","pass","pass","pass","pass","pass","pass","pass","pass","pass","portal-owned-commercial-editable","published"
"S060","hot-work-in-progress","火気使用中","日本の建設現場の状態表示看板用、テーマは「火気使用中」。溶接面、手袋、長袖を正しく着けた成人作業員が火花を管理して溶接し、可燃物のない横長構図で広い余白を残す。写実寄りの鮮明なデジタルイラスト、太い輪郭、高コントラスト、簡潔な背景、文字・数字・ロゴなし。","2026-08-27T17:42:16.521Z","1","","public/safety-images/library/originals/hot-work-in-progress.png","79def3f12fe29cdcae413d829531e2f24b1fb52f3e9b34cb4b6017ed8f18ff5c","2026-08-28T12:00:00.000+09:00","independent_final_review read-only exact-100 visual review plus corrective re-review","pass","pass","pass","pass","pass","pass","pass","pass","pass","pass","portal-owned-commercial-editable","published"
"S061","inspection-in-progress","点検中","日本の建設現場の安全看板用イラスト。テーマは「点検中」。文字なし、数字・ロゴ・透かし・チワワなし、高コントラストで下部に文字用余白。","2026-08-27T19:25:32.154Z","1","","public/safety-images/library/originals/inspection-in-progress.png","c49adb935825513ed3ec2eb54744eaa7b63eb0ec5b08294444cfa2ea475aa646","2026-08-28T12:00:00.000+09:00","independent_final_review read-only exact-100 visual review plus corrective re-review","pass","pass","pass","pass","pass","pass","pass","pass","pass","pass","portal-owned-commercial-editable","published"
"S062","cleaning-in-progress","清掃中","日本の建設現場の安全看板用イラスト。テーマは「清掃中」。文字なし、数字・ロゴ・透かし・チワワなし、高コントラストで下部に文字用余白。","2026-08-27T19:25:32.154Z","1","","public/safety-images/library/originals/cleaning-in-progress.png","46f38081d36d27b6c5b27b313339185ccb4f8ef834d326e4b943aa439eb829f1","2026-08-28T12:00:00.000+09:00","independent_final_review read-only exact-100 visual review plus corrective re-review","pass","pass","pass","pass","pass","pass","pass","pass","pass","pass","portal-owned-commercial-editable","published"
"S063","repair-in-progress","修理中","日本の建設現場の安全看板用イラスト。テーマは「修理中」。文字なし、数字・ロゴ・透かし・チワワなし、高コントラストで下部に文字用余白。","2026-08-27T19:25:32.154Z","1","","public/safety-images/library/originals/repair-in-progress.png","f2b7f146aa7ae43f89fc601d5900e5a580b67b5a37169afc6b93d8e734edc8b3","2026-08-28T12:00:00.000+09:00","independent_final_review read-only exact-100 visual review plus corrective re-review","pass","pass","pass","pass","pass","pass","pass","pass","pass","pass","portal-owned-commercial-editable","published"
"S064","inspected","点検済","日本の建設現場の安全看板用イラスト。テーマは「点検済」。文字なし、数字・ロゴ・透かし・チワワなし、高コントラストで下部に文字用余白。","2026-08-27T19:25:32.154Z","2","Initial candidate showed an unsafe ladder setup, unattached harness, and promotional gesture.","public/safety-images/library/originals/inspected.png","b671d233e81201b22e2ef8157dcb84581daf876a8594bc2bdb18fbdecc63e64e","2026-08-28T12:00:00.000+09:00","independent_final_review read-only exact-100 visual review plus corrective re-review","pass","pass","pass","pass","pass","pass","pass","pass","pass","pass","portal-owned-commercial-editable","published"
"S065","out-of-service","故障中","日本の建設現場の安全看板用イラスト。テーマは「故障中」。文字なし、数字・ロゴ・透かし・チワワなし、高コントラストで下部に文字用余白。","2026-08-27T19:25:32.154Z","1","","public/safety-images/library/originals/out-of-service.png","dbe3c0bb705261db4cee139916a325a589b4bcfb86a8a7ef2cf396adb837b601","2026-08-28T12:00:00.000+09:00","independent_final_review read-only exact-100 visual review plus corrective re-review","not-applicable","not-applicable","pass","pass","pass","pass","pass","pass","pass","pass","portal-owned-commercial-editable","published"
"S066","adjustment-in-progress","調整中","日本の建設現場の安全看板用イラスト。テーマは「調整中」。文字なし、数字・ロゴ・透かし・チワワなし、高コントラストで下部に文字用余白。","2026-08-27T19:25:32.154Z","1","","public/safety-images/library/originals/adjustment-in-progress.png","c58650aa8fb7b29e13d1d6b5d0bdfc4103c99d871af0e84a7acf388e476922a4","2026-08-28T12:00:00.000+09:00","independent_final_review read-only exact-100 visual review plus corrective re-review","pass","pass","pass","pass","pass","pass","pass","pass","pass","pass","portal-owned-commercial-editable","published"
"S067","equipment-operating","運転中","日本の建設現場の安全看板用イラスト。テーマは「運転中」。文字なし、数字・ロゴ・透かし・チワワなし、高コントラストで下部に文字用余白。","2026-08-27T19:25:32.154Z","1","","public/safety-images/library/originals/equipment-operating.png","7e5dc36c3aed533e26b8478e6a7d3c0024db484acb70aeea206245161c733863","2026-08-28T12:00:00.000+09:00","independent_final_review read-only exact-100 visual review plus corrective re-review","pass","pass","pass","pass","pass","pass","pass","pass","pass","pass","portal-owned-commercial-editable","published"
"S068","material-storage","資材置場","日本の建設現場の安全看板用イラスト。テーマは「資材置場」。文字なし、数字・ロゴ・透かし・チワワなし、高コントラストで下部に文字用余白。","2026-08-27T19:25:32.154Z","1","","public/safety-images/library/originals/material-storage.png","25f8e796480fa1d2a1e3f128cb598e9a1d12f1e2b2520a20bb15e9a5a4ba2ff3","2026-08-28T12:00:00.000+09:00","independent_final_review read-only exact-100 visual review plus corrective re-review","not-applicable","not-applicable","pass","pass","pass","pass","pass","pass","pass","pass","portal-owned-commercial-editable","published"
"S069","safe-passage","安全通路","日本の建設現場の安全看板用イラスト。テーマは「安全通路」。文字なし、数字・ロゴ・透かし・チワワなし、高コントラストで下部に文字用余白。","2026-08-27T19:25:32.154Z","1","","public/safety-images/library/originals/safe-passage.png","d60062d6bfc597d0f941c54db03b2d9df51551036387346fe102975479ce3720","2026-08-28T12:00:00.000+09:00","independent_final_review read-only exact-100 visual review plus corrective re-review","pass","pass","pass","pass","pass","pass","pass","pass","pass","pass","portal-owned-commercial-editable","published"
"S070","housekeeping","整理整頓","日本の建設現場の安全看板用イラスト。テーマは「整理整頓」。文字なし、数字・ロゴ・透かし・チワワなし、高コントラストで下部に文字用余白。","2026-08-27T19:25:32.154Z","1","","public/safety-images/library/originals/housekeeping.png","56af0dcf48157548500517c79381e4c561a956b8585d1f07188567841180d0cb","2026-08-28T12:00:00.000+09:00","independent_final_review read-only exact-100 visual review plus corrective re-review","pass","pass","pass","pass","pass","pass","pass","pass","pass","pass","portal-owned-commercial-editable","published"
"S071","stop","一旦停止","日本の建設現場の安全看板用イラスト。テーマは「一旦停止」。文字なし、数字・ロゴ・透かし・チワワなし、高コントラストで下部に文字用余白。","2026-08-27T19:25:32.154Z","1","","public/safety-images/library/originals/stop.png","9568a061f907d908e447beabb1a4dfdcfeac357e3f22d6f2e6a34a1185405bb0","2026-08-28T12:00:00.000+09:00","independent_final_review read-only exact-100 visual review plus corrective re-review","pass","pass","pass","pass","pass","pass","pass","pass","pass","pass","portal-owned-commercial-editable","published"
"S072","slow","徐行","日本の建設現場の安全看板用イラスト。テーマは「徐行」。文字なし、数字・ロゴ・透かし・チワワなし、高コントラストで下部に文字用余白。","2026-08-27T19:25:32.154Z","2","Initial candidate contained a logo-like grille badge.","public/safety-images/library/originals/slow.png","edd63625475875f9ad4b5cbe23197065ac415d366deab60374ad3c53ef337960","2026-08-28T12:00:00.000+09:00","independent_final_review read-only exact-100 visual review plus corrective re-review","not-applicable","not-applicable","pass","pass","pass","pass","pass","pass","pass","pass","portal-owned-commercial-editable","published"
"S073","one-way","一方通行","日本の建設現場の安全看板用イラスト。テーマは「一方通行」で、仮設通路を前方へ進む工事車両と、路面の大きく明確な一方向矢印を描く。文字・数字・ロゴなし、高コントラスト、自然な車両、右側に文字用の広い余白。","2026-08-28T08:18:58.000+09:00","3","Initial candidate relied on an oversized directional arrow instead of a clean scene.;Independent production review found that the replacement resembled a closed gate and did not communicate one-way direction.","public/safety-images/library/originals/one-way.png","f66613fe67d7335d53f1293abe66df01c411c75b8c6feb4a708919f1d8215c30","2026-08-28T08:30:00.000+09:00","theme_evidence_review read-only one-way corrective re-review","not-applicable","not-applicable","pass","pass","pass","pass","pass","pass","pass","pass","portal-owned-commercial-editable","published"
"S074","road-closed-to-vehicles","車両通行止め","日本の建設現場の安全看板用イラスト。テーマは「車両通行止め」。文字なし、数字・ロゴ・透かし・チワワなし、高コントラストで下部に文字用余白。","2026-08-27T19:25:32.154Z","1","","public/safety-images/library/originals/road-closed-to-vehicles.png","689298fbfb2d68bc993f290ba0a90b15ab337cd28ac74bce52b720b2c874a921","2026-08-28T12:00:00.000+09:00","independent_final_review read-only exact-100 visual review plus corrective re-review","not-applicable","not-applicable","pass","pass","pass","pass","pass","pass","pass","pass","portal-owned-commercial-editable","published"
"S075","vehicle-entrance","車両出入口","日本の建設現場の安全看板用イラスト。テーマは「車両出入口」。文字なし、数字・ロゴ・透かし・チワワなし、高コントラストで下部に文字用余白。","2026-08-27T19:25:32.154Z","2","Initial candidate contained a logo-like sleeve mark.","public/safety-images/library/originals/vehicle-entrance.png","68baf16cd5c84c3d0d966ca36e01c452305deae7088350f61ebed64289fdfbba","2026-08-28T12:00:00.000+09:00","independent_final_review read-only exact-100 visual review plus corrective re-review","pass","pass","pass","pass","pass","pass","pass","pass","pass","pass","portal-owned-commercial-editable","published"
"S076","pedestrian-route","歩行者通路","日本の建設現場の安全看板用イラスト。テーマは「歩行者通路」。文字なし、数字・ロゴ・透かし・チワワなし、高コントラストで下部に文字用余白。","2026-08-27T19:25:32.154Z","1","","public/safety-images/library/originals/pedestrian-route.png","9ca0d45ba913842130de6e5e42e3a7b3b7df5e9267e4d5a7a6c3d3dd1d53f538","2026-08-28T12:00:00.000+09:00","independent_final_review read-only exact-100 visual review plus corrective re-review","pass","pass","pass","pass","pass","pass","pass","pass","pass","pass","portal-owned-commercial-editable","published"
"S077","forklift-operating","フォークリフト運転中","日本の建設現場の安全看板用イラスト。テーマは「フォークリフト運転中」。文字なし、数字・ロゴ・透かし・チワワなし、高コントラストで下部に文字用余白。","2026-08-27T19:25:32.154Z","1","","public/safety-images/library/originals/forklift-operating.png","416d20c9c4ee04db43f5b00de7ea6df5593f5431654cb3e4214ac1b57b4ac81a","2026-08-28T12:00:00.000+09:00","independent_final_review read-only exact-100 visual review plus corrective re-review","pass","pass","pass","pass","pass","pass","pass","pass","pass","pass","portal-owned-commercial-editable","published"
"S078","look-both-ways","左右確認","日本の建設現場の安全看板用イラスト。テーマは「左右確認」。文字なし、数字・ロゴ・透かし・チワワなし、高コントラストで下部に文字用余白。","2026-08-27T19:25:32.154Z","2","Initial candidate contained a malformed duplicated head.","public/safety-images/library/originals/look-both-ways.png","d0c9d32384405dff1a5789f626ced4842f409b35cdebf42de58b21a1b94b93af","2026-08-28T12:00:00.000+09:00","independent_final_review read-only exact-100 visual review plus corrective re-review","pass","pass","pass","pass","pass","pass","pass","pass","pass","pass","portal-owned-commercial-editable","published"
"S079","road-shoulder-hazard","路肩注意","日本の建設現場の安全看板用イラスト。テーマは「路肩注意」。文字なし、数字・ロゴ・透かし・チワワなし、高コントラストで下部に文字用余白。","2026-08-27T19:25:32.154Z","2","Initial candidate used an inconsistent photorealistic style.","public/safety-images/library/originals/road-shoulder-hazard.png","a44d804420517ab99cd0a9cd9d89833cd8a6b2fde544b112b6b5dcb6e47331a4","2026-08-28T12:00:00.000+09:00","independent_final_review read-only exact-100 visual review plus corrective re-review","not-applicable","not-applicable","pass","pass","pass","pass","pass","pass","pass","pass","portal-owned-commercial-editable","published"
"S080","watch-for-vehicles","車に注意","日本の建設現場の安全看板用イラスト。テーマは「車に注意」。文字なし、数字・ロゴ・透かし・チワワなし、高コントラストで下部に文字用余白。","2026-08-27T19:25:32.154Z","2","Initial candidate contained logo-like marks on the truck and backpack.","public/safety-images/library/originals/watch-for-vehicles.png","ebb2b217c259864fb4378705f0360d1eb8844b562f1f7990f88f84304debb909","2026-08-28T12:00:00.000+09:00","independent_final_review read-only exact-100 visual review plus corrective re-review","pass","pass","pass","pass","pass","pass","pass","pass","pass","pass","portal-owned-commercial-editable","published"
"S081","site-speed-limit","制限速度","日本の建設現場の安全看板用イラスト。テーマは「制限速度」。文字なし、数字・ロゴ・透かし・チワワなし、高コントラストで下部に文字用余白。","2026-08-27T19:25:32.154Z","2","Initial candidate contained a pseudo-mark on the vehicle and inconsistent photo styling.","public/safety-images/library/originals/site-speed-limit.png","23a5fcf44307ecbc0bb9be561db319bbe8db67d07931ea55366325e37b66b0a1","2026-08-28T12:00:00.000+09:00","independent_final_review read-only exact-100 visual review plus corrective re-review","not-applicable","not-applicable","pass","pass","pass","pass","pass","pass","pass","pass","portal-owned-commercial-editable","published"
"S082","maximum-load","最大積載荷重","日本の建設現場の数値看板用、テーマは「最大積載荷重」。汎用の作業床と整然と置かれた資材を横長に簡潔に描き、数値を後付けする大きな空白面を残す。写実寄りの鮮明なデジタルイラスト、太い輪郭、高コントラスト、簡潔な背景、文字・数字・ロゴ・安全可否の断定なし。","2026-08-27T17:50:42.057Z","2","試作hard gateで後付け数値用の安全余白が不足","public/safety-images/library/originals/maximum-load.png","bbec95cd75326a9a778e510ce7d6364a129b97a90d90427cb3f6b5609d01832a","2026-08-28T12:00:00.000+09:00","independent_final_review read-only exact-100 visual review plus corrective re-review","not-applicable","not-applicable","pass","pass","pass","pass","pass","pass","pass","pass","portal-owned-commercial-editable","published"
"S083","platform-load-limit","作業床最大積載荷重","日本の建設現場の安全看板用イラスト。テーマは「作業床最大積載荷重」。文字なし、数字・ロゴ・透かし・チワワなし、高コントラストで下部に文字用余白。","2026-08-27T19:25:32.154Z","1","","public/safety-images/library/originals/platform-load-limit.png","4ece638afe17e18d5ef189a8de192c7421b19df213578365033fdd284e1c7d45","2026-08-28T12:00:00.000+09:00","independent_final_review read-only exact-100 visual review plus corrective re-review","not-applicable","not-applicable","pass","pass","pass","pass","pass","pass","pass","pass","portal-owned-commercial-editable","published"
"S084","height-limit","高さ制限","日本の建設現場の安全看板用イラスト。テーマは「高さ制限」。文字なし、数字・ロゴ・透かし・チワワなし、高コントラストで下部に文字用余白。","2026-08-27T19:25:32.154Z","1","","public/safety-images/library/originals/height-limit.png","5accc94f6dd6bb15b4e3bcd56573ba02db1f5e54129f494132898f5b8c122f94","2026-08-28T12:00:00.000+09:00","independent_final_review read-only exact-100 visual review plus corrective re-review","not-applicable","not-applicable","pass","pass","pass","pass","pass","pass","pass","pass","portal-owned-commercial-editable","published"
"S085","weight-limit","重量制限","日本の建設現場の安全看板用イラスト。テーマは「重量制限」。文字なし、数字・ロゴ・透かし・チワワなし、高コントラストで下部に文字用余白。","2026-08-27T19:25:32.154Z","1","","public/safety-images/library/originals/weight-limit.png","3172a967293e61c2af31ae9ebcb74fe21f3cf8e2aa0e8dfd837bbe0e8f5502fe","2026-08-28T12:00:00.000+09:00","independent_final_review read-only exact-100 visual review plus corrective re-review","not-applicable","not-applicable","pass","pass","pass","pass","pass","pass","pass","pass","portal-owned-commercial-editable","published"
"S086","maximum-width","最大幅","日本の建設現場の安全看板用イラスト。テーマは「最大幅」。文字なし、数字・ロゴ・透かし・チワワなし、高コントラストで下部に文字用余白。","2026-08-27T19:25:32.154Z","1","","public/safety-images/library/originals/maximum-width.png","e49be46f3e46f988b873cb81c513736f6b0edec519a8419cafa9bc6390600d92","2026-08-28T12:00:00.000+09:00","independent_final_review read-only exact-100 visual review plus corrective re-review","not-applicable","not-applicable","pass","pass","pass","pass","pass","pass","pass","pass","portal-owned-commercial-editable","published"
"S087","work-radius-no-entry","作業半径内立入禁止","日本の建設現場の安全看板用イラスト。テーマは「作業半径内立入禁止」。文字なし、数字・ロゴ・透かし・チワワなし、高コントラストで下部に文字用余白。","2026-08-27T19:25:32.154Z","2","Initial candidate contained embedded Japanese text, an arrow, and a unit symbol.","public/safety-images/library/originals/work-radius-no-entry.png","f10136e9fb5c1caeabddf04aad21552c954ccccbb9e675a2eef2267038f306b7","2026-08-28T12:00:00.000+09:00","independent_final_review read-only exact-100 visual review plus corrective re-review","not-applicable","not-applicable","pass","pass","pass","pass","pass","pass","pass","pass","portal-owned-commercial-editable","published"
"S088","accident-free-record","無災害記録表","日本の建設現場の安全看板用イラスト。テーマは「無災害記録表」。文字なし、数字・ロゴ・透かし・チワワなし、高コントラストで下部に文字用余白。","2026-08-27T19:25:32.154Z","2","Initial candidate showed visibly dangling unattached harnesses.","public/safety-images/library/originals/accident-free-record.png","9ed24b1d8477425780a0970f36802b107f022767b93b74398b7ce7dd23488f02","2026-08-28T12:00:00.000+09:00","independent_final_review read-only exact-100 visual review plus corrective re-review","pass","pass","pass","pass","pass","pass","pass","pass","pass","pass","portal-owned-commercial-editable","published"
"S089","emergency-contact","緊急連絡表","日本の建設現場の安全看板用イラスト。テーマは「緊急連絡表」。文字なし、数字・ロゴ・透かし・チワワなし、高コントラストで下部に文字用余白。","2026-08-27T19:25:32.154Z","1","","public/safety-images/library/originals/emergency-contact.png","36efa2b074e6c0722264d29c606317e94e027b70bc7d1ba5eaf33c6913389e2b","2026-08-28T12:00:00.000+09:00","independent_final_review read-only exact-100 visual review plus corrective re-review","pass","pass","pass","pass","pass","pass","pass","pass","pass","pass","portal-owned-commercial-editable","published"
"S090","fire-safety-manager","火元責任者","日本の建設現場の安全看板用イラスト。テーマは「火元責任者」。文字なし、数字・ロゴ・透かし・チワワなし、高コントラストで下部に文字用余白。","2026-08-27T19:25:32.154Z","1","","public/safety-images/library/originals/fire-safety-manager.png","3a2c37ca549358947e10a3e9b0dc20da289b5f16090f4c1afd242c05fdde2611","2026-08-28T12:00:00.000+09:00","independent_final_review read-only exact-100 visual review plus corrective re-review","pass","pass","pass","pass","pass","pass","pass","pass","pass","pass","portal-owned-commercial-editable","published"
"S091","heat-illness-alert","熱中症注意","日本の建設現場の健康警戒看板用、テーマは「熱中症警戒」。強い日差しの下で成人作業員が日陰へ移り水分を取る縦長構図とし、暑さが一目で分かり広い余白を残す。写実寄りの鮮明なデジタルイラスト、太い輪郭、高コントラスト、簡潔な背景、文字・数字・ロゴなし。","2026-08-27T17:43:23.216Z","1","","public/safety-images/library/originals/heat-illness-alert.png","1660e74eef8e364e9e80fb3e61b40cf8cbc6118480e6e10e6a8006b51a995982","2026-08-28T12:00:00.000+09:00","independent_final_review read-only exact-100 visual review plus corrective re-review","pass","pass","not-applicable","pass","pass","pass","pass","pass","pass","pass","portal-owned-commercial-editable","published"
"S092","wbgt-display","WBGT表示","日本の建設現場の安全看板用イラスト。テーマは「WBGT表示」。文字なし、数字・ロゴ・透かし・チワワなし、高コントラストで下部に文字用余白。","2026-08-27T19:25:32.154Z","2","Initial candidate used an inconsistent photorealistic style.","public/safety-images/library/originals/wbgt-display.png","09ba03ee0a0b845dd992851596c95f41237d95f9cb144aa05890d30ba0549134","2026-08-28T12:00:00.000+09:00","independent_final_review read-only exact-100 visual review plus corrective re-review","pass","pass","pass","pass","pass","pass","pass","pass","pass","pass","portal-owned-commercial-editable","published"
"S093","heat-illness-prevention","熱中症予防","日本の建設現場の安全看板用イラスト。テーマは「熱中症予防」。文字なし、数字・ロゴ・透かし・チワワなし、高コントラストで下部に文字用余白。","2026-08-27T19:25:32.154Z","1","","public/safety-images/library/originals/heat-illness-prevention.png","fbe45158c9739cac6b3d7ba9bf225138f90dd801077c2a4365006b7813a34106","2026-08-28T12:00:00.000+09:00","independent_final_review read-only exact-100 visual review plus corrective re-review","pass","pass","pass","pass","pass","pass","pass","pass","pass","pass","portal-owned-commercial-editable","published"
"S094","evacuation-exit","避難口","日本の建設現場の安全看板用イラスト。テーマは「避難口」。文字なし、数字・ロゴ・透かし・チワワなし、高コントラストで下部に文字用余白。","2026-08-27T19:25:32.154Z","2","Initial candidate used an inconsistent photorealistic multi-person scene.","public/safety-images/library/originals/evacuation-exit.png","2b40d2dc2b3090f66900ab14d4bab2c4f88dd26cc97e1a710dc72904e4e714cf","2026-08-28T12:00:00.000+09:00","independent_final_review read-only exact-100 visual review plus corrective re-review","pass","pass","pass","pass","pass","pass","pass","pass","pass","pass","portal-owned-commercial-editable","published"
"S095","first-aid-station","救護所","日本の建設現場の安全看板用イラスト。テーマは「救護所」。文字なし、数字・ロゴ・透かし・チワワなし、高コントラストで下部に文字用余白。","2026-08-27T19:25:32.154Z","2","Initial candidate contained a medical cross symbol and an unnecessary person.","public/safety-images/library/originals/first-aid-station.png","f557752625cf8137d1854f3554c0511571a67fca9281182215a36d9d5bff6443","2026-08-28T12:00:00.000+09:00","independent_final_review read-only exact-100 visual review plus corrective re-review","not-applicable","not-applicable","pass","pass","pass","pass","pass","pass","pass","pass","portal-owned-commercial-editable","published"
"S096","first-aid-kit","救急箱","日本の建設現場の安全看板用イラスト。テーマは「救急箱」。文字なし、数字・ロゴ・透かし・チワワなし、高コントラストで下部に文字用余白。","2026-08-27T19:25:32.154Z","2","Initial candidate used an inconsistent photorealistic product style.","public/safety-images/library/originals/first-aid-kit.png","cf3ef6067da2a305bcd7931a255ce2c985df6fe4255408c56cb8c6cac3be9475","2026-08-28T12:00:00.000+09:00","independent_final_review read-only exact-100 visual review plus corrective re-review","not-applicable","not-applicable","pass","pass","pass","pass","pass","pass","pass","pass","portal-owned-commercial-editable","published"
"S097","emergency-exit","非常口","日本の建設現場の安全看板用イラスト。テーマは「非常口」。文字なし、数字・ロゴ・透かし・チワワなし、高コントラストで下部に文字用余白。","2026-08-27T19:25:32.154Z","2","Initial candidate used an inconsistent photorealistic scene and distracting equipment.","public/safety-images/library/originals/emergency-exit.png","b30de7b93148b39dc5db999327740ded4fbf48280843cc77ad4e3f843205ecf1","2026-08-28T12:00:00.000+09:00","independent_final_review read-only exact-100 visual review plus corrective re-review","not-applicable","not-applicable","pass","pass","pass","pass","pass","pass","pass","pass","portal-owned-commercial-editable","published"
"S098","aed-location","AED設置場所","日本の建設現場の安全看板用イラスト。テーマは「AED設置場所」。文字なし、数字・ロゴ・透かし・チワワなし、高コントラストで下部に文字用余白。","2026-08-27T19:25:32.154Z","2","Initial candidate contained body diagrams and control symbols that could be mistaken for instructions.","public/safety-images/library/originals/aed-location.png","aabbeb26ada8db040c786d876dd93fbb63be45579d3139140bef5109c0b31206","2026-08-28T12:00:00.000+09:00","independent_final_review read-only exact-100 visual review plus corrective re-review","not-applicable","not-applicable","pass","pass","pass","pass","pass","pass","pass","pass","portal-owned-commercial-editable","published"
"S099","stretcher-location","担架","日本の建設現場の安全看板用イラスト。テーマは「担架」。文字なし、数字・ロゴ・透かし・チワワなし、高コントラストで下部に文字用余白。","2026-08-27T19:25:32.154Z","1","","public/safety-images/library/originals/stretcher-location.png","8aae7e664554f5c780b5a96c6a7cd86868558c6fb8edaa2e91fe445d01aaade3","2026-08-28T12:00:00.000+09:00","independent_final_review read-only exact-100 visual review plus corrective re-review","not-applicable","not-applicable","pass","pass","pass","pass","pass","pass","pass","pass","portal-owned-commercial-editable","published"
"S100","fire-extinguisher-location","消火器","日本の建設現場の安全看板用イラスト。テーマは「消火器」。文字なし、数字・ロゴ・透かし・チワワなし、高コントラストで下部に文字用余白。","2026-08-27T19:25:32.154Z","1","","public/safety-images/library/originals/fire-extinguisher-location.png","24a8814973969fd5e637ca910be3bffa73ec55aab3c8de39955684a5004a32f0","2026-08-28T12:00:00.000+09:00","independent_final_review read-only exact-100 visual review plus corrective re-review","not-applicable","not-applicable","pass","pass","pass","pass","pass","pass","pass","pass","portal-owned-commercial-editable","published"
