"sourceId","sourceType","title","publisher","url","publishedAt","updatedAt","checkedAt","applicableDate","finalOrPreliminary","locator","claimIds","checksum","status"
"LAW-EGOV-001","law","労働安全衛生法","e-Gov法令検索","https://laws.e-gov.go.jp/law/347AC0000000057","1972-06-08","2026-04-01","2026-08-27T00:00:00+09:00","2026-08-27","final","第21条第2項、第26条、第27条、第42条、第59条第3項（e-Gov API v2 asof=2026-08-27）","C-LAW-001|C-LAW-011|C-LAW-014","sha256:eb4f4b55e2422d99f230174275908b2a9dea2505ff55a01c391a02a55522fe41","verified"
"LAW-EGOV-002","law","労働安全衛生法施行令","e-Gov法令検索","https://laws.e-gov.go.jp/law/347CO0000000318","1972-08-19","2026-04-01","2026-08-27T00:00:00+09:00","2026-08-27","final","第13条第3項第28号（e-Gov API v2 asof=2026-08-27）","C-LAW-011","sha256:8daf8ac54d46c6953b65fbcd5610f551af6096013f3462e85436dd8295e73c8d","verified"
"LAW-EGOV-003","law","労働安全衛生規則","e-Gov法令検索","https://laws.e-gov.go.jp/law/347M50002000032","1972-09-30","2026-08-01","2026-08-27T00:00:00+09:00","2026-08-27","final","第36条第41号、第38条、第518〜521条、第524条、第526〜528条、第552条、第561条の2、第563〜568条（e-Gov API v2 asof=2026-08-27）","C-LAW-002|C-LAW-003|C-LAW-004|C-LAW-005|C-LAW-006|C-LAW-007|C-LAW-008|C-LAW-009|C-LAW-010|C-LAW-014|C-LAW-016","sha256:858e9ee1523e12ffed0e2d7755e666d73e3789e2d605a6d42914841b14109399","verified"
"LAW-MHLW-004","law","墜落制止用器具の規格（厚生労働省告示第11号）","厚生労働省","https://www.mhlw.go.jp/web/t_doc?dataId=74ab6770&dataType=0&pageNo=1","2019-01-25","2019-07-01","2026-08-27T00:00:00+09:00","2019-02-01","final","第1条第7・8号、第2条、第8・9条、附則","C-LAW-012|C-LAW-013|C-LAW-017|SCI-FALL-001","sha256:2151660544c1485db1dd06a94dc270860ab0113c200b64225cabbad332249150","verified"
"LAW-MHLW-005","law","安全衛生特別教育規程","厚生労働省","https://www.mhlw.go.jp/web/t_doc?dataId=74085000&dataType=0&pageNo=1","1972-09-30","2019-02-01","2026-08-27T00:00:00+09:00","2019-02-01","final","第24条第1〜3項","C-LAW-015","sha256:82d1301b175277104c39ec7b8a25e85c95a1c481d9b3368d8f84ab6a1c587151","verified"
"GUIDE-MHLW-001","government-guidance","墜落制止用器具の安全な使用に関するガイドライン","厚生労働省","https://www.mhlw.go.jp/web/t_doc?dataId=00tc4287&dataType=1&pageNo=1","2018-06-22","","2026-08-27T00:00:00+09:00","2019-02-01","final","第1、第3〜8","C-GUIDE-001|C-GUIDE-002|C-GUIDE-003|C-GUIDE-004|C-GUIDE-005|SCI-HIER-001|SCI-HIER-002|SCI-FALL-001|SCI-FALL-002|SCI-INSP-001|SCI-INSP-002|SCI-RETIRE-001","sha256:56d3ad7b71351929e2b3c0e2650ca867f0775aae71853d1fb37fc8c03429c4e5","verified"
"GUIDE-MHLW-002","government-guidance","墜落制止用器具に係る質疑応答集","厚生労働省","https://www.mhlw.go.jp/web/t_doc?dataId=00tc8681&dataType=1&pageNo=1","","2023-12-20","2026-08-27T00:00:00+09:00","2026-08-27","final","問2〜問8","C-LAW-013|C-LAW-014|C-LAW-017|C-GUIDE-002|C-GUIDE-005|SCI-RETIRE-001","sha256:7b74d6d54f2407fbd3714ccb3ef62e649bbce06228daae9af9148c9f6d380950","verified"
"LAW-MHLW-006","law","足場からの墜落防止措置を強化する労働安全衛生規則の一部改正","厚生労働省","https://www.mhlw.go.jp/content/001257200.pdf","2023-03-14","","2026-08-27T00:00:00+09:00","2024-04-01","final","改正省令・第561条の2、第567条、第568条","C-LAW-009|C-LAW-010","sha256:8e235e7c21bbfeaf1079d88396d5715af736edd6595313173a5f387cbf67fc88","verified"
"GUIDE-MHLW-003","government-guidance","足場からの墜落・転落災害防止総合対策推進要綱","厚生労働省","https://www.mhlw.go.jp/content/001257202.pdf","2023-03-14","","2026-08-27T00:00:00+09:00","2024-04-01","final","第2以降","C-GUIDE-006","sha256:a1e2b7d0ba21311a7aa044ef4bc842b15e9c3e1234f8e5412655b455242d2665","verified"
"STAT-H28-FINAL-XLS","statistics","平成28年労働災害発生状況（確定・分析用Excel）","厚生労働省","https://www.mhlw.go.jp/bunya/roudoukijun/anzeneisei11/rousai-hassei/xls/16_kakutei.xls","","","2026-08-27T00:00:00+09:00","2016-12-31","final","死亡災害・死傷災害（平成28年、業種・事故の型別）の建設業×墜落・転落。対象年2016年、全国、確定、単位: 人、分母: なし（件数）。死亡134人（死亡災害報告）、休業4日以上死傷5,184人（労働者死傷病報告、死亡を含む）。COVID-19罹患災害: 含まない（流行前）","CLM-STAT-004","sha256:6a25c13337b52e4c7b6ec2a2c6f911e2194dbeb5863a6c4ae7a0f09b00c05bcf","verified"
"STAT-H29-FINAL-XLS","statistics","平成29年労働災害発生状況（確定・分析用Excel）","厚生労働省","https://www.mhlw.go.jp/bunya/roudoukijun/anzeneisei11/rousai-hassei/xls/17-kakutei.xls","","","2026-08-27T00:00:00+09:00","2017-12-31","final","死亡災害・死傷災害（平成29年、業種・事故の型別）の建設業×墜落・転落。対象年2017年、全国、確定、単位: 人、分母: なし（件数）。死亡135人（死亡災害報告）、休業4日以上死傷5,163人（労働者死傷病報告、死亡を含む）。COVID-19罹患災害: 含まない（流行前）","CLM-STAT-004","sha256:40663831c72515c5c22c7ae6a8f411d422bb64c175b75c7c2c2fe7c5424bb7b7","verified"
"STAT-R1-FINAL-XLSX","statistics","平成30年・令和元年労働災害発生状況（確定・分析用Excel）","厚生労働省","https://www.mhlw.go.jp/bunya/roudoukijun/anzeneisei11/rousai-hassei/xls/19-16.xlsx","","","2026-08-27T00:00:00+09:00","2019-12-31","final","平成30年・令和元年の死亡災害／死傷災害（業種・事故の型別）各シートrow 7、建設業×墜落・転落。対象年2018・2019年、全国、確定、単位: 人、分母: なし（件数）。死亡/休業4日以上死傷（死亡を含む）は2018年136/5,154人、2019年110/5,171人。COVID-19罹患災害: 含まない（流行前）","CLM-STAT-004","sha256:19634c970bd76bcb6fd90441ee16625b09a96c46e3e874dff1da2ab07cee1fa3","verified"
"STAT-R3-FINAL-XLSX","statistics","令和2年・令和3年労働災害発生状況（確定・分析用Excel）","厚生労働省","https://www.mhlw.go.jp/bunya/roudoukijun/anzeneisei11/rousai-hassei/xls/21-16.xlsx","","","2026-08-27T00:00:00+09:00","2021-12-31","final","令和2・3年の死亡災害／死傷災害（業種・事故の型別）各シートrow 7、建設業×墜落・転落。対象年2020・2021年、全国、確定、単位: 人、分母: なし（件数）。死亡/休業4日以上死傷（死亡を含む）は2020年95/4,756人、2021年110/4,869人。COVID-19罹患災害: 含まない（事故の型「墜落・転落」値）","CLM-STAT-004","sha256:8ddd49dbb09ba3ab72d534e4ed4393c863f2e6b9ee889a1296b3280acb123f7b","verified"
"STAT-R4-FINAL-XLSX","statistics","令和4年労働災害発生状況（確定・分析用Excel）","厚生労働省","https://www.mhlw.go.jp/bunya/roudoukijun/anzeneisei11/rousai-hassei/xls/22-16.xlsx","","","2026-08-27T00:00:00+09:00","2022-12-31","final","令和4年の死亡災害／死傷災害（業種・事故の型別）各シートrow 7、建設業×墜落・転落。対象年2022年、全国、確定、単位: 人、分母: なし（件数）。死亡116人（死亡災害報告）、休業4日以上死傷4,594人（労働者死傷病報告、死亡を含む）。COVID-19罹患災害: 含まない（事故の型「墜落・転落」値）","CLM-STAT-004","sha256:833430f3526263805104b8fdbe00cc3bd6bdfd317d99ed497b2e3268b584e64b","verified"
"STAT-R6-FINAL-XLSX","statistics","令和5年・令和6年労働災害発生状況（確定・分析用Excel）","厚生労働省","https://www.mhlw.go.jp/bunya/roudoukijun/anzeneisei11/rousai-hassei/xls/24-16.xlsx","","","2026-08-27T00:00:00+09:00","2024-12-31","final","令和5・6年の死亡災害／死傷災害（業種・事故の型別）各シートrow 7、建設業×墜落・転落。対象年2023・2024年、全国、確定、単位: 人、分母: なし（件数）。死亡/休業4日以上死傷（死亡を含む）は2023年86/4,554人、2024年77/4,351人。COVID-19罹患災害: 含まない（事故の型「墜落・転落」値）","CLM-STAT-004","sha256:c48f59787f011936ae3e6ecd1365d3690bd25079a98ea8e7b9d8c3ad18a7e5b1","verified"
"STAT-R7-FINAL-PDF","statistics","令和7年における労働災害発生状況（確定値）","厚生労働省 労働基準局安全衛生部安全課","https://www.mhlw.go.jp/content/11302000/001704887.pdf","2026-05-27","","2026-08-27T00:00:00+09:00","2025-12-31","final","別表1〜4。対象年2025年、全国、確定、単位: 人、分母: なし（件数）、2026年4月7日までの報告。死亡は死亡災害報告、休業4日以上死傷は労働者死傷病報告（死亡を含む）。COVID-19罹患災害を除外","CLM-STAT-001|CLM-STAT-002|CLM-STAT-003|CLM-STAT-004|CLM-STAT-007|CLM-STAT-009","sha256:a52483190d00147115f88db817534511d2e7c8410066159dbc864ace13de7fd4","verified"
"STAT-R7-FINAL-XLSX","statistics","令和7年労働災害発生状況（確定・分析用Excel）","厚生労働省","https://www.mhlw.go.jp/bunya/roudoukijun/anzeneisei11/rousai-hassei/xls/25-16.xlsx","2026-05-27","","2026-08-27T00:00:00+09:00","2025-12-31","final","令和7年の死亡災害／死傷災害（業種・事故の型別）各シートrow 8、建設業×墜落・転落。対象年2025年、全国、確定、単位: 人、分母: なし（件数）。死亡91人（死亡災害報告）、休業4日以上死傷4,343人（労働者死傷病報告、死亡を含む）。COVID-19罹患災害を除外","CLM-STAT-001|CLM-STAT-002|CLM-STAT-003|CLM-STAT-004|CLM-STAT-005|CLM-STAT-007","sha256:8fff153ec868f3e41030d797997ce24cc71b392e9df57984f42d8bd77aa3930d","verified"
"STAT-R7-INJURY-ANALYSIS","statistics","令和7年死傷災害統計確定値（分析用）","厚生労働省・職場のあんぜんサイト","https://anzeninfo.mhlw.go.jp/user/anzen/tok/r7_16_sisyou_bunseki.xlsx","2026-05-27","","2026-08-27T00:00:00+09:00","2025-12-31","final","②業種・事故型、⑦事故型・起因物。対象年2025年、全国、確定、単位: 人、休業4日以上死傷（死亡を含む）、分母: なし（件数）。COVID-19罹患災害を除外","CLM-STAT-003|CLM-STAT-005|CLM-STAT-006|CLM-STAT-007","sha256:58f39a978d01cc8210d7355ecf66c4dd515103347e518da2edd4077502331767","verified"
"STAT-R8-JULY-PRELIM","statistics","令和8年における労働災害発生状況（7月速報）","厚生労働省 労働基準局安全衛生部安全課","https://www.mhlw.go.jp/bunya/roudoukijun/anzeneisei11/rousai-hassei/dl/26-07.pdf","2026-08-03","","2026-08-27T00:00:00+09:00","2026-06-30","preliminary","2026年1〜6月発生・7月7日までの報告。死亡・死傷の業種別、事故の型別","CLM-STAT-008","sha256:0737bcc500ed0d0b05c579f0c623329604dd4b47ea0aafe99fa4b36040f7edc4","verified"
"GOV-US-OSHA-FALL","government-guidance","OSHA Technical Manual, Section V Chapter 4: Fall Protection in Construction","U.S. Occupational Safety and Health Administration","https://www.osha.gov/otm/section-5-construction-operations/chapter-4","","","2026-08-27T00:00:00+09:00","2026-08-27","final","Fall clearance、anchor location、rescue planning sections","SCI-FALL-002|SCI-FALL-003|SCI-RESCUE-001","sha256:107660d4c44999bd684fab20ae9315cd998e9f81a61da806ca58ad0860ad8730","verified-supporting-technical-source"
"SCI-SUSP-REVIEW-2023","scientific","Suspension syndrome: a scoping review and recommendations from ICAR MEDCOM","Scandinavian Journal of Trauma, Resuscitation and Emergency Medicine / PubMed Central","https://pmc.ncbi.nlm.nih.gov/articles/PMC10710713/","2023-12-09","","2026-08-27T00:00:00+09:00","2026-08-27","peer-reviewed","PMC full text: Abstract、Results、Recommendations 1〜7（2026-08-27取得HTMLをSHA-256検証）","SCI-SUSP-001|SCI-SUSP-002|SCI-RESCUE-001","sha256:eb956479c4e841e911eefa7d589fee729d1d6b43ce12902f0bbf77d0b9fcb165","verified-peer-reviewed"
"GOV-UK-HSE-HUMAN","government-guidance","Managing human failures: Overview","UK Health and Safety Executive","https://www.hse.gov.uk/humanfactors/topics/humanfail.htm","","","2026-08-27T00:00:00+09:00","2026-08-27","final","Overview、Types of human failure、Managing failures","SCI-HF-001|SCI-HF-002","sha256:0ed8fa1fe40d2d681e46807bff00201ef3059f72009975b38227d0920eed8a5a","verified-supporting-technical-source"
"SCI-COCHRANE-2018","scientific","Interventions to prevent injuries in construction workers","Cochrane Database of Systematic Reviews / PubMed Central","https://pmc.ncbi.nlm.nih.gov/articles/PMC6491133/","2018-02-05","","2026-08-27T00:00:00+09:00","2018-02-05","peer-reviewed","PMC full text: Abstract、Authors' conclusions（2026-08-27取得HTMLをSHA-256検証）","SCI-HF-003","sha256:600381ef35fc01dc8b7c23ed92cf933760d5463ee0dbe099c6100ec2acffe46a","verified-peer-reviewed"
